id	filing_type	contract_number	url	committee	agency	callsign	dc_slug	thumbnail_url	gross_amount	market_id	upload_date
23969	Federal	314271	/collect/files/59438/Political File/2012/Federal/US Senate/STATE OF OHIO/JOSH MANDEL/NRSC_Mandel_REP_Senate_1010_101412_314271 (13498032920836)_.pdf	NRSC-MANDEL/REPUBLICAN	STRATEGIC MEDIA SERVICES	WCPO-TV	459790-nrsc_mandel_rep_senate_1010_101412_314271	https://s3.amazonaws.com/s3.documentcloud.org/documents/459790/pages/nrsc_mandel_rep_senate_1010_101412_314271-p1-thumbnail.gif	21100	35	2012-10-10 00:00:00 UTC
2333	Non-Candidate Issue Ads	9792042	/collect/files/11289/Political File/2012/Non-Candidate Issue Ads/60 Plus Association/order 49396/60 plus assoc order 49396 (13449777974268)_.pdf	60+ ASSOCIATION	MENTZER MEDIA SERVICES	WKRC-TV	416491-collect-files-11289-political-file-2012-non	https://s3.amazonaws.com/s3.documentcloud.org/documents/416491/pages/collect-files-11289-political-file-2012-non-p1-thumbnail.gif	6250	35	2012-08-14 00:00:00 UTC
31990	Federal	336298	/collect/files/73910/Political File/2012/Federal/President/Randall Terry/101612 Terry contract 2 (13504017232906)_.pdf	POL/R TERRY/D/PRES/US	KATHLEEN OFFERMAN	WPXI	470297-101612-terry-contract-2-13504017232906-_-pdf	https://s3.amazonaws.com/s3.documentcloud.org/documents/470297/pages/101612-terry-contract-2-13504017232906-_-pdf-p1-thumbnail.gif	30	23	2012-10-16 00:00:00 UTC
33211	Federal	116252	/collect/files/73123/Political File/2012/Federal/US House/MI-13/SHANELLE M JACKSON/116252-0 (13442821773323)_.pdf	COMMITTEE TO ELECT SHANELLE JACKSON	SHANELLE JACKSON FOR CONGRESS	WJBK	473630-116252-0-13442821773323-_-pdf	https://s3.amazonaws.com/s3.documentcloud.org/documents/473630/pages/116252-0-13442821773323-_-pdf-p1-thumbnail.gif	1170	11	2012-08-06 00:00:00 UTC
6213	Non-Candidate Issue Ads	48982	/collect/files/72313/Political File/2012/Non-Candidate Issue Ads/PRIORITIES USA/48982/48982-1 (13448907119868)_.pdf	PRIORITIES USA ACTION	MUNDY KATOWITZ MEDIA	WHP-TV	420426-collect-files-72313-political-file-2012-non	https://s3.amazonaws.com/s3.documentcloud.org/documents/420426/pages/collect-files-72313-political-file-2012-non-p1-thumbnail.gif	9335	41	2012-08-13 00:00:00 UTC
5548	Federal	944723	/collect/files/65684/Political File/2012/Federal/US Senate/Massachusetts/Elizabeth Warren/State Senator/Warren 8-23-12 --1 (13457552287270)_.pdf	WARREN/D/SENATE	MEDIA STRATEGIES - VA	WCVB-TV	419754-collect-files-65684-political-file-2012-federal	https://s3.amazonaws.com/s3.documentcloud.org/documents/419754/pages/collect-files-65684-political-file-2012-federal-p1-thumbnail.gif	117225	7	2012-08-23 00:00:00 UTC
39204	State	198565	/collect/files/72326/Political File/2012/State/Pennsylvania/ROB TEPLITZ FOR STATE SENATE/TEPLITZ C198565 10-16 to 10-22 2012/Political - Teplitz 10-16 to 10-22 2012  C198565 (13509150055169)_.pdf	TEPLITZ	BUYING TIME MEDIA	WHTM-TV	479905-political-teplitz-10-16-to-10-22-2012-c198565	https://s3.amazonaws.com/s3.documentcloud.org/documents/479905/pages/political-teplitz-10-16-to-10-22-2012-c198565-p1-thumbnail.gif	11000	41	2012-10-22 00:00:00 UTC
52190	Federal		/collect/files/72076/Political File/2012/Federal/US Senate/FL US SENATE/BILL NELSON 1/6282852/NELSON 6282852 INVOICE (13522377110263)_.pdf			WFTV	506882-nelson-6282852-invoice-13522377110263-_-pdf	https://s3.amazonaws.com/s3.documentcloud.org/documents/506882/pages/nelson-6282852-invoice-13522377110263-_-pdf-p1-thumbnail.gif		19	2012-11-06 00:00:00 UTC
52191	Federal		/collect/files/72076/Political File/2012/Federal/US Senate/FL US SENATE/BILL NELSON 1/6286507/NELSON-DSCC 6286507 INVOICE (13522380094251)_.pdf			WFTV	506883-nelson-dscc-6286507-invoice-13522380094251-_-pdf	https://s3.amazonaws.com/s3.documentcloud.org/documents/506883/pages/nelson-dscc-6286507-invoice-13522380094251-_-pdf-p1-thumbnail.gif		19	2012-11-06 00:00:00 UTC
52194	Federal		/collect/files/72076/Political File/2012/Federal/US Senate/FL US SENATE/BILL NELSON 1/6312696/NELSON 6312696 INVOICE (13522377078519)_.pdf			WFTV	506886-nelson-6312696-invoice-13522377078519-_-pdf	https://s3.amazonaws.com/s3.documentcloud.org/documents/506886/pages/nelson-6312696-invoice-13522377078519-_-pdf-p1-thumbnail.gif		19	2012-11-06 00:00:00 UTC
4615	Non-Candidate Issue Ads		/collect/files/47902/Political File/2012/Non-Candidate Issue Ads/DEFEND MY DIVIDENDS/WFOR DEFEND MY DIVIDEND X ISSUE BASEFILE FED-NATL NAB (13456524070135)_.pdf			WFOR-TV	418814-collect-files-47902-political-file-2012-non	https://s3.amazonaws.com/s3.documentcloud.org/documents/418814/pages/collect-files-47902-political-file-2012-non-p1-thumbnail.gif		16	2012-08-22 00:00:00 UTC
52192	Federal		/collect/files/72076/Political File/2012/Federal/US Senate/FL US SENATE/BILL NELSON 1/6295631/NELSON 6295631 INVIICE (13522377099799)_.pdf			WFTV	506884-nelson-6295631-inviice-13522377099799-_-pdf	https://s3.amazonaws.com/s3.documentcloud.org/documents/506884/pages/nelson-6295631-inviice-13522377099799-_-pdf-p1-thumbnail.gif		19	2012-11-06 00:00:00 UTC
6026	Non-Candidate Issue Ads	808532	/collect/files/39746/Political File/2012/Non-Candidate Issue Ads/60 Plus Association/808532/O-60 Plus808532--1 (13449762065724)_.pdf	60+ ASSOCIATION	MENTZER MEDIA SERVICES	WOIO	420232-collect-files-39746-political-file-2012-non	https://s3.amazonaws.com/s3.documentcloud.org/documents/420232/pages/collect-files-39746-political-file-2012-non-p1-thumbnail.gif	6950	18	2012-08-14 00:00:00 UTC
54023	Federal	952661	/collect/files/53921/Political File/2012/Federal/President/BARACK OBAMA/OBAMA 110512 (13521540099084)_.pdf	OBAMA FOR AMERICA	OBAMA/D/PRESIDENT	WXII-TV	508732-obama-110512-13521540099084-_-pdf	https://s3.amazonaws.com/s3.documentcloud.org/documents/508732/pages/obama-110512-13521540099084-_-pdf-p1-thumbnail.gif	73510	46	2012-11-05 00:00:00 UTC
2918	Non-Candidate Issue Ads		/collect/files/53113/Political File/2012/Non-Candidate Issue Ads/DCCC/08-29-12 (13462752019233)_.pdf			WPLG	417088-collect-files-53113-political-file-2012-non	https://s3.amazonaws.com/s3.documentcloud.org/documents/417088/pages/collect-files-53113-political-file-2012-non-p1-thumbnail.gif		16	2012-08-29 00:00:00 UTC
54024	State	958940	/collect/files/53921/Political File/2012/State/North Carolina/Governor/WALTER DALTON/DALTON 110612 (13522378768044)_.pdf	DALTON FOR GOVERNOR	"BUYING TIME, LLC"	WXII-TV	508733-dalton-110612-13522378768044-_-pdf	https://s3.amazonaws.com/s3.documentcloud.org/documents/508733/pages/dalton-110612-13522378768044-_-pdf-p1-thumbnail.gif	5925	46	2012-11-06 00:00:00 UTC
52189	Federal	6190731	/collect/files/72076/Political File/2012/Federal/US Senate/FL US SENATE/BILL NELSON 1/6190731/NELSON 6190731 RV 7.1 (13521513197793)_.pdf	NELSON FOR SENATE	ABAR HUTTON MEDIA	WFTV	506881-nelson-6190731-rv-7-1-13521513197793-_-pdf	https://s3.amazonaws.com/s3.documentcloud.org/documents/506881/pages/nelson-6190731-rv-7-1-13521513197793-_-pdf-p1-thumbnail.gif	149385	19	2012-11-05 00:00:00 UTC
2777	Non-Candidate Issue Ads	307810	/collect/files/59441/Political File/2012/Non-Candidate Issue Ads/60 Plus Association/60Plus_8_13_307810 (13452357150840)_.pdf	60+ ASSOCIATION	MENTZER MEDIA	WEWS-TV	416945-collect-files-59441-political-file-2012-non	https://s3.amazonaws.com/s3.documentcloud.org/documents/416945/pages/collect-files-59441-political-file-2012-non-p1-thumbnail.gif	15900	18	2012-08-17 00:00:00 UTC
16307	Non-Candidate Issue Ads	706295	/collect/files/73195/Political File/2012/Non-Candidate Issue Ads/60 Plus Association/60Plus 706295 092412R (13484982064034)_.pdf	60+ ASSOCIATION	MENTZER MEDIA SERVICES	WKYC	442594-collect-files-73195-political-file-2012-non	https://s3.amazonaws.com/s3.documentcloud.org/documents/442594/pages/collect-files-73195-political-file-2012-non-p1-thumbnail.gif	6350	18	2012-09-24 00:00:00 UTC
8096	Non-Candidate Issue Ads	808557	/collect/files/39738/Political File/2012/Non-Candidate Issue Ads/60 Plus Assoc/60 Est1224808557 (13469601050045)_.pdf	60+ ASSOCIATION	MENTZER MEDIA SERVICES	WXIX-TV	424794-collect-files-39738-political-file-2012-non	https://s3.amazonaws.com/s3.documentcloud.org/documents/424794/pages/collect-files-39738-political-file-2012-non-p1-thumbnail.gif	900	35	2012-09-06 00:00:00 UTC
8095	Non-Candidate Issue Ads	808561	/collect/files/39738/Political File/2012/Non-Candidate Issue Ads/60 Plus Assoc/60 Est 1225808561 (13469601060578)_.pdf	60+ ASSOCIATION	MENTZER MEDIA SERVICES	WXIX-TV	424793-collect-files-39738-political-file-2012-non	https://s3.amazonaws.com/s3.documentcloud.org/documents/424793/pages/collect-files-39738-political-file-2012-non-p1-thumbnail.gif	900	35	2012-09-06 00:00:00 UTC
6027	Non-Candidate Issue Ads	808534	/collect/files/39746/Political File/2012/Non-Candidate Issue Ads/60 Plus Association/808534/O-60 Plus808534--1 (13449762055414)_.pdf	60+ ASSOCIATION	MENTZER MEDIA SERVICES	WOIO	420233-collect-files-39746-political-file-2012-non	https://s3.amazonaws.com/s3.documentcloud.org/documents/420233/pages/collect-files-39746-political-file-2012-non-p1-thumbnail.gif	6950	18	2012-08-14 00:00:00 UTC
2738	Non-Candidate Issue Ads	808561	/collect/files/39738/Political File/2012/Non-Candidate Issue Ads/ISS_60 PLUS EST 1225808561 (13449732063266)_.pdf	60+ ASSOCIATION	MENTZER MEDIA SERVICES	WXIX-TV	416904-collect-files-39738-political-file-2012-non	https://s3.amazonaws.com/s3.documentcloud.org/documents/416904/pages/collect-files-39738-political-file-2012-non-p1-thumbnail.gif	900	35	
2737	Non-Candidate Issue Ads	808557	/collect/files/39738/Political File/2012/Non-Candidate Issue Ads/ISS_60 PLUS EST 1224808557 (13449732084451)_.pdf	60+ ASSOCIATION	MENTZER MEDIA SERVICES	WXIX-TV	416903-collect-files-39738-political-file-2012-non	https://s3.amazonaws.com/s3.documentcloud.org/documents/416903/pages/collect-files-39738-political-file-2012-non-p1-thumbnail.gif	900	35	
2778	Non-Candidate Issue Ads	307812	/collect/files/59441/Political File/2012/Non-Candidate Issue Ads/60 Plus Association/60Plus_8_13_307812 (13452357140459)_.pdf	60+ ASSOCIATION	MENTZER MEDIA	WEWS-TV	416946-collect-files-59441-political-file-2012-non	https://s3.amazonaws.com/s3.documentcloud.org/documents/416946/pages/collect-files-59441-political-file-2012-non-p1-thumbnail.gif	15900	18	2012-08-17 00:00:00 UTC
33212	Federal		/collect/files/73123/Political File/2012/Federal/US House/MI-13/SHANELLE M JACKSON/2012_09_24_18_34_25 (13485264033776)_.pdf			WJBK	473631-2012_09_24_18_34_25-13485264033776-_-pdf	https://s3.amazonaws.com/s3.documentcloud.org/documents/473631/pages/2012_09_24_18_34_25-13485264033776-_-pdf-p1-thumbnail.gif		11	2012-09-24 00:00:00 UTC
33223	Federal		/collect/files/73123/Political File/2012/Federal/US Senate/US Senate/DEBBIE STABENOW/2012_09_14_16_18_17 (13476552273674)_.pdf			WJBK	473642-2012_09_14_16_18_17-13476552273674-_-pdf	https://s3.amazonaws.com/s3.documentcloud.org/documents/473642/pages/2012_09_14_16_18_17-13476552273674-_-pdf-p1-thumbnail.gif		11	2012-09-14 00:00:00 UTC
5555	Federal	940943	/collect/files/65684/Political File/2012/Federal/US Senate/Massachusetts/Elizabeth Warren/State Senator/Warren 8-29-12 --5 (13462743114349)_.pdf	WARREN/D/SENATE	MEDIA STRATEGIES - VA	WCVB-TV	419761-collect-files-65684-political-file-2012-federal	https://s3.amazonaws.com/s3.documentcloud.org/documents/419761/pages/collect-files-65684-political-file-2012-federal-p1-thumbnail.gif	120375	7	2012-08-29 00:00:00 UTC
5550	Federal	945306	/collect/files/65684/Political File/2012/Federal/US Senate/Massachusetts/Elizabeth Warren/State Senator/Warren 8-23-12 --3 (13457559281913)_.pdf	WARREN/D/SENATE	MEDIA STRATEGIES - VA	WCVB-TV	419756-collect-files-65684-political-file-2012-federal	https://s3.amazonaws.com/s3.documentcloud.org/documents/419756/pages/collect-files-65684-political-file-2012-federal-p1-thumbnail.gif	119825	7	2012-08-23 00:00:00 UTC
5559	Federal	940943	/collect/files/65684/Political File/2012/Federal/US Senate/Massachusetts/Elizabeth Warren/State Senator/Warren 8-9-12  2 (13449582595997)_.pdf	WARREN/D/SENATE	MEDIA STRATEGIES - VA	WCVB-TV	419765-collect-files-65684-political-file-2012-federal	https://s3.amazonaws.com/s3.documentcloud.org/documents/419765/pages/collect-files-65684-political-file-2012-federal-p1-thumbnail.gif	123975	7	2012-08-14 00:00:00 UTC
55223	Federal	336563 / 4	/collect/files/74170/Political File/2012/Federal/US House/CT-05/ANDREW RORABACK/336563  10-29 - 116/336563-4 (13524183201766)_.pdf	RORABACK FOR CONGRESS	JAMESTOWN ASSOCIATES	WVIT	511281-336563-4-13524183201766-_-pdf	https://s3.amazonaws.com/s3.documentcloud.org/documents/511281/pages/336563-4-13524183201766-_-pdf-p1-thumbnail.gif	26800	30	2012-11-08 00:00:00 UTC
4283	Non-Candidate Issue Ads		/collect/files/10213/Political File/2012/Non-Candidate Issue Ads/RESTORE OUR FUTURE/RESTORE OUR FUTURE-08142012140113 (13449678065680)_.pdf			WPMT	418478-collect-files-10213-political-file-2012-non	https://s3.amazonaws.com/s3.documentcloud.org/documents/418478/pages/collect-files-10213-political-file-2012-non-p1-thumbnail.gif		41	2012-08-14 00:00:00 UTC
33236	Federal	4079402	/collect/files/73123/Political File/2012/Federal/US Senate/US Senate/Pete Hoekstra/2012_10_15_13_53_22 (13503243028443)_.pdf	HOEKSTRA FOR SENATE	BRABENDER COX LLC	WJBK	473655-2012_10_15_13_53_22-13503243028443-_-pdf	https://s3.amazonaws.com/s3.documentcloud.org/documents/473655/pages/2012_10_15_13_53_22-13503243028443-_-pdf-p1-thumbnail.gif	20625	11	2012-10-15 00:00:00 UTC
33208	Federal	116091	/collect/files/73123/Political File/2012/Federal/US House/MI-13/JOHN JR. CONYERS/2012_08_28_16_15_43 (13461858070419)_.pdf	CONYERS FOR CONGRESS	BARLOW COMMUNICATIONS	WJBK	473627-2012_08_28_16_15_43-13461858070419-_-pdf	https://s3.amazonaws.com/s3.documentcloud.org/documents/473627/pages/2012_08_28_16_15_43-13461858070419-_-pdf-p1-thumbnail.gif	4500	11	2012-08-28 00:00:00 UTC
24497	Federal	549670	/collect/files/47401/Political File/2012/Federal/US House/VA-02/EDWARD SCOTT RIGELL/rigell.549670rev1.wtkr.10.01.12 (13498170333263)_.pdf	RIGELL/CD2/R	AMERICAN MEDIA & ADVOCACY GROUP	WTKR	461648-rigell-549670rev1-wtkr-10-01-12-13498170333263-_	https://s3.amazonaws.com/s3.documentcloud.org/documents/461648/pages/rigell-549670rev1-wtkr-10-01-12-13498170333263-_-p1-thumbnail.gif	45970	43	2012-10-09 00:00:00 UTC
31962	Federal		/collect/files/25454/Political File/2012/Federal/US House/PA-12/MARK CRITZ/KDKA MARK CRITZ D HOUSE PA CD12 ORD56786 FED INVOICE-2 (13504062249907)_.pdf			KDKA-TV	470267-kdka-mark-critz-d-house-pa-cd12-ord56786-fed	https://s3.amazonaws.com/s3.documentcloud.org/documents/470267/pages/kdka-mark-critz-d-house-pa-cd12-ord56786-fed-p1-thumbnail.gif		23	2012-10-16 00:00:00 UTC
32006	Non-Candidate Issue Ads	322710	/collect/files/73910/Political File/2012/Non-Candidate Issue Ads/DCCC/101612 DCCC contract 2 (13503999156904)_.pdf	DEMOCRATIC CONGRESSIONAL CAMPAIGN COMMITTEE	GREAT AMERICAN MEDIA	WPXI	470313-101612-dccc-contract-2-13503999156904-_-pdf	https://s3.amazonaws.com/s3.documentcloud.org/documents/470313/pages/101612-dccc-contract-2-13503999156904-_-pdf-p1-thumbnail.gif	135125	23	2012-10-16 00:00:00 UTC
2936	Non-Candidate Issue Ads		/collect/files/65593/Political File/2012/Non-Candidate Issue Ads/LCVSENATE MAJORITY PAC/LCVSEN MAJ PAC est 1611/LCVSENMAJ NAB (13450455114902)_.pdf			WUSA	417106-collect-files-65593-political-file-2012-non	https://s3.amazonaws.com/s3.documentcloud.org/documents/417106/pages/collect-files-65593-political-file-2012-non-p1-thumbnail.gif		8	2012-08-15 00:00:00 UTC
55225	Federal	342425 / 5	/collect/files/74170/Political File/2012/Federal/US Senate/US Senator - CT/CHRISTOPHER MURPHY/342425  10-29 - 11-4/342425-5 (13524183101415)_.pdf	MURPHY FOR SENATE	MESSAGE AND MEDIA	WVIT	511283-342425-5-13524183101415-_-pdf	https://s3.amazonaws.com/s3.documentcloud.org/documents/511283/pages/342425-5-13524183101415-_-pdf-p1-thumbnail.gif	50350	30	2012-11-08 00:00:00 UTC
33230	Federal	132614	/collect/files/73123/Political File/2012/Federal/US Senate/US Senate/DEBBIE STABENOW/2012_10_01_13_03_38 (13491117067318)_.pdf	STABENOW FOR SENATE	MEDIA STRATEGIES & RESEARCH	WJBK	473649-2012_10_01_13_03_38-13491117067318-_-pdf	https://s3.amazonaws.com/s3.documentcloud.org/documents/473649/pages/2012_10_01_13_03_38-13491117067318-_-pdf-p1-thumbnail.gif	46275	11	2012-10-01 00:00:00 UTC
2946	Non-Candidate Issue Ads	705695	/collect/files/65593/Political File/2012/Non-Candidate Issue Ads/RNC/RNC est 2994/RNC est 2994 0811-081705695 (13446383728166)_.pdf	RNC	NATIONAL MEDIA INC./POL	WUSA	417116-collect-files-65593-political-file-2012-non	https://s3.amazonaws.com/s3.documentcloud.org/documents/417116/pages/collect-files-65593-political-file-2012-non-p1-thumbnail.gif	110500	8	
2953	Non-Candidate Issue Ads		/collect/files/65593/Political File/2012/Non-Candidate Issue Ads/PRIORITIES USA ACTION/Estimate 1563/Priorities USA Action - NAB (13458519084506)_.pdf			WUSA	417123-collect-files-65593-political-file-2012-non	https://s3.amazonaws.com/s3.documentcloud.org/documents/417123/pages/collect-files-65593-political-file-2012-non-p1-thumbnail.gif		8	
55230	Federal	342852 / 2	/collect/files/74170/Political File/2012/Federal/US Senate/US Senator - CT/Linda McMahon/342852  10-30 - 11-6/342852-2 (13524183124047)_.pdf	LINDA MCMAHON FOR SENATE 2012	MENTZER MEDIA	WVIT	511288-342852-2-13524183124047-_-pdf	https://s3.amazonaws.com/s3.documentcloud.org/documents/511288/pages/342852-2-13524183124047-_-pdf-p1-thumbnail.gif	110200	30	2012-11-08 00:00:00 UTC
55233	Non-Candidate Issue Ads	345363	/collect/files/74170/Political File/2012/Non-Candidate Issue Ads/DEMOCRATIC CONGRESSIONAL CAMPAIGN COMMITTEE DCCC/345363  11-2 - 11-6/345363-0 (13524181183619)_.pdf	DEMOCRATIC CONGRESSIONAL CAMPAIGN COMMITTEE	GREAT AMERICAN MEDIA	WVIT	511291-345363-0-13524181183619-_-pdf	https://s3.amazonaws.com/s3.documentcloud.org/documents/511291/pages/345363-0-13524181183619-_-pdf-p1-thumbnail.gif	100000	30	2012-11-08 00:00:00 UTC
55227	Federal	344110	/collect/files/74170/Political File/2012/Federal/US Senate/US Senator - CT/CHRISTOPHER MURPHY/344110  10-29 - 11-4/344110-0 (13524181205225)_.pdf	MURPHY FOR SENATE	MESSAGE AND MEDIA	WVIT	511285-344110-0-13524181205225-_-pdf	https://s3.amazonaws.com/s3.documentcloud.org/documents/511285/pages/344110-0-13524181205225-_-pdf-p1-thumbnail.gif	27675	30	2012-11-08 00:00:00 UTC
2178	Federal		/collect/files/23074/Political File/2012/Federal/US House/CO-03/SCOTT TIPTON/TIPTON.NAB FORM.KUSA (13457496076570)_.pdf			KUSA	416330-collect-files-23074-political-file-2012-federal	https://s3.amazonaws.com/s3.documentcloud.org/documents/416330/pages/collect-files-23074-political-file-2012-federal-p1-thumbnail.gif		17	2012-08-23 00:00:00 UTC
55232	Non-Candidate Issue Ads	344206	/collect/files/74170/Political File/2012/Non-Candidate Issue Ads/CT FUTURE PAC/344206  10-27 - 10-30/344206-2 (13524181028832)_.pdf	CONNECTICUT'S FUTURE PAC	WATERFRONT STRATEGIES/ POL	WVIT	511290-344206-2-13524181028832-_-pdf	https://s3.amazonaws.com/s3.documentcloud.org/documents/511290/pages/344206-2-13524181028832-_-pdf-p1-thumbnail.gif	9750	30	2012-11-08 00:00:00 UTC
55224	Federal	339995/1	/collect/files/74170/Political File/2012/Federal/US House/CT-05/ELIZABETH ESTY/339995  10-30 - 11-6/339995-1 (13524183255885)_.pdf	FRIENDS OF ELIZABETH ESTY	GMMB	WVIT	511282-339995-1-13524183255885-_-pdf	https://s3.amazonaws.com/s3.documentcloud.org/documents/511282/pages/339995-1-13524183255885-_-pdf-p1-thumbnail.gif	44950	30	2012-11-08 00:00:00 UTC
55228	Federal	334325 / 8	/collect/files/74170/Political File/2012/Federal/US Senate/US Senator - CT/Linda McMahon/334325  10-30 - 11-6/334325-8 (13524183157789)_.pdf	LINDA MCMAHON FOR SENATE 2012	MENTZER MEDIA	WVIT	511286-334325-8-13524183157789-_-pdf	https://s3.amazonaws.com/s3.documentcloud.org/documents/511286/pages/334325-8-13524183157789-_-pdf-p1-thumbnail.gif	203175	30	2012-11-08 00:00:00 UTC
22659	Federal	204873	/collect/files/71127/Political File/2012/Federal/President/MITT ROMNEY/ROMNEY FOR PRESIDENT  /ROMNEY FOR PRESIDENT WO 9-12 REV ORDER (13496336976391)_.pdf	ROMNEY FOR PRESIDENT	AMERICAN RAMBLER PRODUCTIONS	WAVY-TV	457688-romney-for-president-wo-9-12-rev-order	https://s3.amazonaws.com/s3.documentcloud.org/documents/457688/pages/romney-for-president-wo-9-12-rev-order-p1-thumbnail.gif	103400	43	2012-10-07 00:00:00 UTC
32219	Non-Candidate Issue Ads		/collect/files/6463/Political File/2012/Non-Candidate Issue Ads/American Crossroads/American Crossroads PB-17 Est 693 (13503983099932)_.pdf			WFXT	470527-american-crossroads-pb-17-est-693-13503983099932	https://s3.amazonaws.com/s3.documentcloud.org/documents/470527/pages/american-crossroads-pb-17-est-693-13503983099932-p1-thumbnail.gif		7	2012-10-16 00:00:00 UTC
31422	Federal		/collect/files/65684/Political File/2012/Federal/US House/MA-04/SEAN BIELAT/Bielat cancel 10-15-12 --1 (13503318077834)_.pdf			WCVB-TV	469216-bielat-cancel-10-15-12-1-13503318077834-_-pdf	https://s3.amazonaws.com/s3.documentcloud.org/documents/469216/pages/bielat-cancel-10-15-12-1-13503318077834-_-pdf-p1-thumbnail.gif		7	2012-10-15 00:00:00 UTC
14802	Non-Candidate Issue Ads		/collect/files/28010/Political File/2012/Non-Candidate Issue Ads/AFSCME/K5-AFSCME-FRM-09-07-12 (13480848310930)_.pdf			KSTP-TV	436981-collect-files-28010-political-file-2012-non	https://s3.amazonaws.com/s3.documentcloud.org/documents/436981/pages/collect-files-28010-political-file-2012-non-p1-thumbnail.gif		15	2012-09-19 00:00:00 UTC
55229	Federal	342495 / 1	/collect/files/74170/Political File/2012/Federal/US Senate/US Senator - CT/Linda McMahon/342495  10-30 - 11-6/342495-1 (13524183135098)_.pdf	LINDA MCMAHON FOR SENATE 2012	MENTZER MEDIA	WVIT	511287-342495-1-13524183135098-_-pdf	https://s3.amazonaws.com/s3.documentcloud.org/documents/511287/pages/342495-1-13524183135098-_-pdf-p1-thumbnail.gif	22650	30	2012-11-08 00:00:00 UTC
55238	Non-Candidate Issue Ads	345028	/collect/files/74170/Political File/2012/Non-Candidate Issue Ads/House Majority PAC/345028  11-1 - 11-4/345028-0 (13524180963339)_.pdf	HOUSE MAJORITY PAC	WATERFRONT STRATEGIES	WVIT	511296-345028-0-13524180963339-_-pdf	https://s3.amazonaws.com/s3.documentcloud.org/documents/511296/pages/345028-0-13524180963339-_-pdf-p1-thumbnail.gif	10000	30	2012-11-08 00:00:00 UTC
12772	Non-Candidate Issue Ads		/collect/files/68883/Political File/2012/Non-Candidate Issue Ads/AM ACTION-NETWORK/American Action Network-Inquiry form (13475547069608)_.pdf			KMSP-TV	432966-collect-files-68883-political-file-2012-non	https://s3.amazonaws.com/s3.documentcloud.org/documents/432966/pages/collect-files-68883-political-file-2012-non-p1-thumbnail.gif		15	2012-09-13 00:00:00 UTC
39315	Federal	67579	/collect/files/72313/Political File/2012/Federal/US Senate/BOB CASEY/67579/67579-1 (13509285046144)_.pdf	CASEY/D/SENATE	SHORR JOHNSON MAGNUS	WHP-TV	480018-67579-1-13509285046144-_-pdf	https://s3.amazonaws.com/s3.documentcloud.org/documents/480018/pages/67579-1-13509285046144-_-pdf-p1-thumbnail.gif	28095	41	2012-10-22 00:00:00 UTC
55241	Non-Candidate Issue Ads	344730	/collect/files/74170/Political File/2012/Non-Candidate Issue Ads/Independence PAC USA/344730  10-31 - 11-6/344730-1 (13524181150356)_.pdf	INDEPENDENCE USA PAC	MENTZER MEDIA	WVIT	511299-344730-1-13524181150356-_-pdf	https://s3.amazonaws.com/s3.documentcloud.org/documents/511299/pages/344730-1-13524181150356-_-pdf-p1-thumbnail.gif	143875	30	2012-11-08 00:00:00 UTC
12773	Non-Candidate Issue Ads		/collect/files/68883/Political File/2012/Non-Candidate Issue Ads/AM ACTION-NETWORK/American Action Network-NAB Form (13475547080267)_.pdf			KMSP-TV	432967-collect-files-68883-political-file-2012-non	https://s3.amazonaws.com/s3.documentcloud.org/documents/432967/pages/collect-files-68883-political-file-2012-non-p1-thumbnail.gif		15	2012-09-13 00:00:00 UTC
55239	Non-Candidate Issue Ads	345394	/collect/files/74170/Political File/2012/Non-Candidate Issue Ads/House Majority PAC/345394  11-3 - 11-6/345394-0 (13524180941700)_.pdf	HOUSE MAJORITY PAC	WATERFRONT STRATEGIES	WVIT	511297-345394-0-13524180941700-_-pdf	https://s3.amazonaws.com/s3.documentcloud.org/documents/511297/pages/345394-0-13524180941700-_-pdf-p1-thumbnail.gif	20000	30	2012-11-08 00:00:00 UTC
2941	Non-Candidate Issue Ads	355	/collect/files/65593/Political File/2012/Non-Candidate Issue Ads/RESTORE OUR FUTURE/Restore Our Future est 355/ROF_est 355_insertion order (13452422705534)_.pdf	RESTORE OUR FUTURE	MENTZER MEDIA	WUSA	417111-collect-files-65593-political-file-2012-non	https://s3.amazonaws.com/s3.documentcloud.org/documents/417111/pages/collect-files-65593-political-file-2012-non-p1-thumbnail.gif	0	8	
32763	Federal	1366187	/collect/files/74137/Political File/2012/Federal/President/AMERICANS FOR PROSPERITY/Americans for Prosperity 1366187 (13468746093990)_.pdf	AMERICANS FOR PROSPERITY	MENTZER MEDIA SERVICES	WTTE	473182-americans-for-prosperity-1366187-13468746093990	https://s3.amazonaws.com/s3.documentcloud.org/documents/473182/pages/americans-for-prosperity-1366187-13468746093990-p1-thumbnail.gif	7600	32	2012-09-05 00:00:00 UTC
32760	Federal	1366187	/collect/files/74137/Political File/2012/Federal/President/AMERICANS FOR PROSPERITY/Americans for Propsperity 1366187 (13468668033512)_.pdf	AMERICANS FOR PROSPERITY	MENTZER MEDIA SERVICES	WTTE	473179-americans-for-propsperity-1366187-13468668033512	https://s3.amazonaws.com/s3.documentcloud.org/documents/473179/pages/americans-for-propsperity-1366187-13468668033512-p1-thumbnail.gif	7600	32	2012-09-05 00:00:00 UTC
55237	Non-Candidate Issue Ads	344107 / 1	/collect/files/74170/Political File/2012/Non-Candidate Issue Ads/House Majority PAC/344107  10-31 - 11-4/344107-1 (13524180973818)_.pdf	HOUSE MAJORITY PAC	WATERFRONT STRATEGIES	WVIT	511295-344107-1-13524180973818-_-pdf	https://s3.amazonaws.com/s3.documentcloud.org/documents/511295/pages/344107-1-13524180973818-_-pdf-p1-thumbnail.gif	22000	30	2012-11-08 00:00:00 UTC
55240	Non-Candidate Issue Ads	343408	/collect/files/74170/Political File/2012/Non-Candidate Issue Ads/IAFF International Association of Firefighters/343408  10-30 - 11-6/343408-0 (13524180931287)_.pdf	INTERNATIONAL ASSOCIATION OF FIREFIGHTERS INTERESTED IN REGISTRATION AND EDUCATION PAC	WATERFRONT STRATEGIES	WVIT	511298-343408-0-13524180931287-_-pdf	https://s3.amazonaws.com/s3.documentcloud.org/documents/511298/pages/343408-0-13524180931287-_-pdf-p1-thumbnail.gif	3900	30	2012-11-08 00:00:00 UTC
32755	Federal		/collect/files/74137/Political File/2012/Federal/President/AMERICAN CROSSROADS/American Crossroads 1392404 (13503345065086)_.pdf			WTTE	473174-american-crossroads-1392404-13503345065086-_-pdf	https://s3.amazonaws.com/s3.documentcloud.org/documents/473174/pages/american-crossroads-1392404-13503345065086-_-pdf-p1-thumbnail.gif		32	2012-10-15 00:00:00 UTC
32758	Federal	1349239	/collect/files/74137/Political File/2012/Federal/President/AMERICANS FOR PROSPERITY/Amerians for Prosperity 1349239 (13445390080073)_.pdf	AMERICANS FOR PROSPERITY	MENTZER MEDIA SERVICES	WTTE	473177-amerians-for-prosperity-1349239-13445390080073-_	https://s3.amazonaws.com/s3.documentcloud.org/documents/473177/pages/amerians-for-prosperity-1349239-13445390080073-_-p1-thumbnail.gif	14000	32	2012-08-09 00:00:00 UTC
55235	Non-Candidate Issue Ads	341356	/collect/files/74170/Political File/2012/Non-Candidate Issue Ads/GOVERNMENT INTEGRITY FUND/341356  10-29 - 11-6/341356-4 (13524181194607)_.pdf	GOVERNMENT INTEGRITY FUND	AMERICAN MEDIA & ADVOCACY GROUP	WVIT	511293-341356-4-13524181194607-_-pdf	https://s3.amazonaws.com/s3.documentcloud.org/documents/511293/pages/341356-4-13524181194607-_-pdf-p1-thumbnail.gif	94525	30	2012-11-08 00:00:00 UTC
9259	State		/collect/files/72064/Political File/2012/State/North Carolina/Commissioner of Labor/NAB Cherie Berry (13473696073833)_.pdf			WFMY-TV	428427-collect-files-72064-political-file-2012-state	https://s3.amazonaws.com/s3.documentcloud.org/documents/428427/pages/collect-files-72064-political-file-2012-state-p1-thumbnail.gif		46	2012-09-11 00:00:00 UTC
25345	Federal	58654	/collect/files/25456/Political File/2012/Federal/US House/MA-06/RICHARD R. TISEI/WBZ NRCC-RICHARD TISEI HOUSEMACD6 ORD58654 FED ORDER (13498773651460)_.pdf	RICHARD R. TISEI	MENTZER MEDIA SERVICES	WBZ-TV	462500-wbz-nrcc-richard-tisei-housemacd6-ord58654-fed	https://s3.amazonaws.com/s3.documentcloud.org/documents/462500/pages/wbz-nrcc-richard-tisei-housemacd6-ord58654-fed-p1-thumbnail.gif	20970	7	2012-10-10 00:00:00 UTC
32767	Federal		/collect/files/74137/Political File/2012/Federal/President/AMERICANS FOR PROSPERITY/Americans for Prosperity NAB2 (13478962563121)_.pdf			WTTE	473186-americans-for-prosperity-nab2-13478962563121-_-pdf	https://s3.amazonaws.com/s3.documentcloud.org/documents/473186/pages/americans-for-prosperity-nab2-13478962563121-_-pdf-p1-thumbnail.gif		32	2012-09-17 00:00:00 UTC
30836	State		/collect/files/72064/Political File/2012/State/North Carolina/Commissioner of Agriculture/NAB Troxler (13500762221045)_.pdf			WFMY-TV	468319-nab-troxler-13500762221045-_-pdf	https://s3.amazonaws.com/s3.documentcloud.org/documents/468319/pages/nab-troxler-13500762221045-_-pdf-p1-thumbnail.gif		46	2012-10-12 00:00:00 UTC
32179	Federal	304402	/collect/files/59440/Political File/2012/Federal/US House/AZ-01/ANN KIRKPATRICK/Kirkpatrick_1009-1015REV6 (13503492049654)_.pdf	ANN KIRKPATRICK	MEDIA STRATEGIES AND RESEARCH	KNXV-TV	470486-kirkpatrick_1009-1015rev6-13503492049654-_-pdf	https://s3.amazonaws.com/s3.documentcloud.org/documents/470486/pages/kirkpatrick_1009-1015rev6-13503492049654-_-pdf-p1-thumbnail.gif	20030	13	2012-10-15 00:00:00 UTC
30404	State		/collect/files/72106/Political File/2012/State/North Carolina/Dalton D-Gov/Cont 569548 (13500765686091)_.pdf			WGHP	467887-cont-569548-13500765686091-_-pdf	https://s3.amazonaws.com/s3.documentcloud.org/documents/467887/pages/cont-569548-13500765686091-_-pdf-p1-thumbnail.gif		46	2012-10-12 00:00:00 UTC
32185	Non-Candidate Issue Ads	314785	/collect/files/59440/Political File/2012/Non-Candidate Issue Ads/NRCC IE National Republican Congressional Committee/NRCC IE_1019-1025 Est 3390 (13503489061150)_.pdf	NRCC IE	NATIONAL MEDIA INC.	KNXV-TV	470493-nrcc-ie_1019-1025-est-3390-13503489061150-_-pdf	https://s3.amazonaws.com/s3.documentcloud.org/documents/470493/pages/nrcc-ie_1019-1025-est-3390-13503489061150-_-pdf-p1-thumbnail.gif	15750	13	2012-10-15 00:00:00 UTC
67292	State		/collect/files/54452/Political File/2012/State/2012 (13593990001290).pdf			WLXI	721749-2012-13593990001290-pdf	https://s3.amazonaws.com/s3.documentcloud.org/documents/721749/pages/2012-13593990001290-pdf-p1-thumbnail.gif		46	2013-01-28 00:00:00 UTC
32769	Federal		/collect/files/74137/Political File/2012/Federal/President/AMERICANS FOR PROSPERITY/Americans for Prosperity NAB4 (13478964163407)_.pdf			WTTE	473188-americans-for-prosperity-nab4-13478964163407-_-pdf	https://s3.amazonaws.com/s3.documentcloud.org/documents/473188/pages/americans-for-prosperity-nab4-13478964163407-_-pdf-p1-thumbnail.gif		32	2012-09-17 00:00:00 UTC
13167	Non-Candidate Issue Ads	4072291	/collect/files/68883/Political File/2012/Non-Candidate Issue Ads/DCCC/4072291-0 (13478880125484)_.pdf	DEMOCRATIC CONGRESSIONAL CAMPAIGN COMMITTEE	GREAT AMERICAN MEDIA	KMSP-TV	433983-collect-files-68883-political-file-2012-non	https://s3.amazonaws.com/s3.documentcloud.org/documents/433983/pages/collect-files-68883-political-file-2012-non-p1-thumbnail.gif	63375	15	
52349	Federal		/collect/files/25452/Political File/2012/Federal/US Senate/DIANNE FEINSTEIN/KPIX DIANNE FEINSTEIN D SENATECA ORD56506 FED INVOICE (13522305161070)_.pdf			KPIX-TV	507041-kpix-dianne-feinstein-d-senateca-ord56506-fed	https://s3.amazonaws.com/s3.documentcloud.org/documents/507041/pages/kpix-dianne-feinstein-d-senateca-ord56506-fed-p1-thumbnail.gif		6	2012-11-06 00:00:00 UTC
32770	Federal		/collect/files/74137/Political File/2012/Federal/President/BARACK OBAMA/Obama for America 1350025 (13445424046642)_.pdf			WTTE	473189-obama-for-america-1350025-13445424046642-_-pdf	https://s3.amazonaws.com/s3.documentcloud.org/documents/473189/pages/obama-for-america-1350025-13445424046642-_-pdf-p1-thumbnail.gif		32	2012-08-09 00:00:00 UTC
55244	Non-Candidate Issue Ads	343141 / 3	/collect/files/74170/Political File/2012/Non-Candidate Issue Ads/US Chamber of Commerce/343141  10-20 - 10-29/343141-3 (13524181050948)_.pdf	US CHAMBER OF COMMERCE	REDSHIFT MEDIA	WVIT	511302-343141-3-13524181050948-_-pdf	https://s3.amazonaws.com/s3.documentcloud.org/documents/511302/pages/343141-3-13524181050948-_-pdf-p1-thumbnail.gif	113600	30	2012-11-08 00:00:00 UTC
54848	Non-Candidate Issue Ads	343280 / 1	/collect/files/74170/Political File/2012/Non-Candidate Issue Ads/MAJORITY PAC/343280  10-30 - 11-6/343280-1 (13524180884487)_.pdf	MAJORITY PAC	WATERFRONT STRATEGIES	WVIT	510798-343280-1-13524180884487-_-pdf	https://s3.amazonaws.com/s3.documentcloud.org/documents/510798/pages/343280-1-13524180884487-_-pdf-p1-thumbnail.gif	56575	30	2012-11-08 00:00:00 UTC
13008	Non-Candidate Issue Ads	713771	/collect/files/23079/Political File/2012/Non-Candidate Issue Ads/Democratic Congressional Campaign/DCCC713771 (13476543060421)_.pdf	DEMOCRATIC CONGRESSIONAL CAMPAIGN COMMITTEE	GREAT AMERICAN MEDIA/POL	KARE	433812-collect-files-23079-political-file-2012-non	https://s3.amazonaws.com/s3.documentcloud.org/documents/433812/pages/collect-files-23079-political-file-2012-non-p1-thumbnail.gif	40150	15	2012-09-14 00:00:00 UTC
55243	Non-Candidate Issue Ads	344550	/collect/files/74170/Political File/2012/Non-Candidate Issue Ads/PATRIOT MAJORITY/344550  11-1 - 11-6/344550-0 (13524180873822)_.pdf	PATRIOT MAJORITY	WATERFRONT STRATEGIES	WVIT	511301-344550-0-13524180873822-_-pdf	https://s3.amazonaws.com/s3.documentcloud.org/documents/511301/pages/344550-0-13524180873822-_-pdf-p1-thumbnail.gif	18350	30	2012-11-08 00:00:00 UTC
32768	Federal		/collect/files/74137/Political File/2012/Federal/President/AMERICANS FOR PROSPERITY/Americans for Prosperity NAB3 (13478962563509)_.pdf			WTTE	473187-americans-for-prosperity-nab3-13478962563509-_-pdf	https://s3.amazonaws.com/s3.documentcloud.org/documents/473187/pages/americans-for-prosperity-nab3-13478962563509-_-pdf-p1-thumbnail.gif		32	2012-09-17 00:00:00 UTC
13007	Non-Candidate Issue Ads	713711	/collect/files/23079/Political File/2012/Non-Candidate Issue Ads/Minnesota United for all Families/MN UNITED FAMILIES713711 (13476543102069)_.pdf	MINNESOTA UNITED FOR ALL FAMILIES	MEDIA STRATEGIES & RESEARCH/ POL	KARE	433811-collect-files-23079-political-file-2012-non	https://s3.amazonaws.com/s3.documentcloud.org/documents/433811/pages/collect-files-23079-political-file-2012-non-p1-thumbnail.gif	32325	15	2012-09-14 00:00:00 UTC
12372	Federal	703571	/collect/files/65046/Political File/2012/Federal/President/MITT ROMNEY/Romney N RNC 703571 (13442850138255)_.pdf	ROMNEY FOR PRESIDENT	AMERICAN RAMBLER PRODUCTIONS/ POL	WTLV	432333-collect-files-65046-political-file-2012-federal	https://s3.amazonaws.com/s3.documentcloud.org/documents/432333/pages/collect-files-65046-political-file-2012-federal-p1-thumbnail.gif	155150	50	2012-08-06 00:00:00 UTC
8171	Federal	54455	/collect/files/11909/Political File/2012/Federal/President/MITT ROMNEY/WAWS ROMNEY 9_07_12C54455 (13469673131284)_.pdf	ROMNEY FOR PRESIDENT	AMERICAN RAMBLER PRO	WAWS	424869-collect-files-11909-political-file-2012-federal	https://s3.amazonaws.com/s3.documentcloud.org/documents/424869/pages/collect-files-11909-political-file-2012-federal-p1-thumbnail.gif	2970	50	2012-09-06 00:00:00 UTC
22332	Federal	212955	/collect/files/71127/Political File/2012/Federal/President/MITT ROMNEY/ROMNEY FOR PRESIDENT  /ROMNEY FOR PRESIDENT WO 10-6 REV ORDER (13494768113409)_.pdf	ROMNEY FOR PRESIDENT	AMERICAN RAMBLER PRODUCTIONS	WAVY-TV	457316-romney-for-president-wo-10-6-rev-order	https://s3.amazonaws.com/s3.documentcloud.org/documents/457316/pages/romney-for-president-wo-10-6-rev-order-p1-thumbnail.gif	30500	43	2012-10-05 00:00:00 UTC
11791	Federal	55520	/collect/files/11909/Political File/2012/Federal/President/MITT ROMNEY/WAWS ROMNEY 9_12_12C55520 (13474020041807)_.pdf	ROMNEY FOR PRESIDENT	AMERICAN RAMBLER PRO	WAWS	431736-collect-files-11909-political-file-2012-federal	https://s3.amazonaws.com/s3.documentcloud.org/documents/431736/pages/collect-files-11909-political-file-2012-federal-p1-thumbnail.gif	8325	50	2012-09-11 00:00:00 UTC
31786	Non-Candidate Issue Ads	498257	/collect/files/41223/Political File/2012/Non-Candidate Issue Ads/NO ON PROP 204/NO ON PROP 204 10-15-12 (13503207239053)_.pdf	NO ON PROP 204	MENTZER MEDIA SERVICES INC	KPHO-TV	469599-no-on-prop-204-10-15-12-13503207239053-_-pdf	https://s3.amazonaws.com/s3.documentcloud.org/documents/469599/pages/no-on-prop-204-10-15-12-13503207239053-_-pdf-p1-thumbnail.gif	104050	13	2012-10-15 00:00:00 UTC
32116	Federal	6863484	/collect/files/36838/Political File/2012/Federal/US House/MI-06/MICHAEL DENNIS OBRIEN/OBRIEN OCT 15 - 17 BUY (13503963034902)_.pdf	MIKE O'BRIEN FOR CONGRESS	ABAR HUTTON MEDIA	WOOD-TV	470423-obrien-oct-15-17-buy-13503963034902-_-pdf	https://s3.amazonaws.com/s3.documentcloud.org/documents/470423/pages/obrien-oct-15-17-buy-13503963034902-_-pdf-p1-thumbnail.gif	1275	42	2012-10-16 00:00:00 UTC
32323	Federal		/collect/files/25456/Political File/2012/Federal/US House/MA-06/JOHN F TIERNEY/WBZ JOHN TIERNEY D HOUSEMACD6 ORD58629 FED INVOICE (13504071102227)_.pdf			WBZ-TV	470633-wbz-john-tierney-d-housemacd6-ord58629-fed	https://s3.amazonaws.com/s3.documentcloud.org/documents/470633/pages/wbz-john-tierney-d-housemacd6-ord58629-fed-p1-thumbnail.gif		7	2012-10-16 00:00:00 UTC
38007	Non-Candidate Issue Ads	4076391	/collect/files/35587/Political File/2012/Non-Candidate Issue Ads/DCCC/DCCC 4076391 10-16-12 (13506045078632)_.pdf	DEMOCRATIC CONGRESSIONAL CAMPAIGN COMMITTEE	GREAT AMERICAN MEDIA	KSAZ-TV	478430-dccc-4076391-10-16-12-13506045078632-_-pdf	https://s3.amazonaws.com/s3.documentcloud.org/documents/478430/pages/dccc-4076391-10-16-12-13506045078632-_-pdf-p1-thumbnail.gif	8725	13	2012-10-18 00:00:00 UTC
32130	Non-Candidate Issue Ads		/collect/files/36838/Political File/2012/Non-Candidate Issue Ads/STAND UP FOR DEMOCRACY/SUFD OCT 15 - 21 NAB (13503984242736)_.pdf			WOOD-TV	470437-sufd-oct-15-21-nab-13503984242736-_-pdf	https://s3.amazonaws.com/s3.documentcloud.org/documents/470437/pages/sufd-oct-15-21-nab-13503984242736-_-pdf-p1-thumbnail.gif		42	2012-10-16 00:00:00 UTC
8060	Federal	54451	/collect/files/35576/Political File/2012/Federal/President/MITT ROMNEY/WTEV ROMNEY 9_7_12C54451 (13469670127146)_.pdf	ROMNEY FOR PRESIDENT	AMERICAN RAMBLER PRO	WTEV-TV	424758-collect-files-35576-political-file-2012-federal	https://s3.amazonaws.com/s3.documentcloud.org/documents/424758/pages/collect-files-35576-political-file-2012-federal-p1-thumbnail.gif	25680	50	2012-09-06 00:00:00 UTC
32772	Federal	1352215	/collect/files/74137/Political File/2012/Federal/President/BARACK OBAMA/Obama for America 1352215 (13445463091545)_.pdf	OBAMA FOR AMERICA	GREER MARGOLIS MITCHELL BURNS	WTTE	473191-obama-for-america-1352215-13445463091545-_-pdf	https://s3.amazonaws.com/s3.documentcloud.org/documents/473191/pages/obama-for-america-1352215-13445463091545-_-pdf-p1-thumbnail.gif	38265	32	2012-08-09 00:00:00 UTC
22331	Federal	212955	/collect/files/71127/Political File/2012/Federal/President/MITT ROMNEY/ROMNEY FOR PRESIDENT  /ROMNEY FOR PRESIDENT WO 10-6 ORDER (13494768123744)_.pdf	ROMNEY FOR PRESIDENT	AMERICAN RAMBLER PRODUCTIONS	WAVY-TV	457315-romney-for-president-wo-10-6-order	https://s3.amazonaws.com/s3.documentcloud.org/documents/457315/pages/romney-for-president-wo-10-6-order-p1-thumbnail.gif	30500	43	2012-10-05 00:00:00 UTC
11364	Federal	55545	/collect/files/35576/Political File/2012/Federal/President/MITT ROMNEY/WTEV ROMNEY 9_12_12C55545 (13474017068720)_.pdf	ROMNEY FOR PRESIDENT	AMERICAN RAMBLER PRO	WTEV-TV	431304-collect-files-35576-political-file-2012-federal	https://s3.amazonaws.com/s3.documentcloud.org/documents/431304/pages/collect-files-35576-political-file-2012-federal-p1-thumbnail.gif	85740	50	2012-09-11 00:00:00 UTC
38411	Federal		/collect/files/69677/Political File/2012/Federal/US Senate/SHELLEY BERKLEY/ORDER 104117/ORDER 104117 NAB (13504944144934)_.pdf			KSNV-DT	478834-order-104117-nab-13504944144934-_-pdf	https://s3.amazonaws.com/s3.documentcloud.org/documents/478834/pages/order-104117-nab-13504944144934-_-pdf-p1-thumbnail.gif		40	2012-10-17 00:00:00 UTC
32771	Federal		/collect/files/74137/Political File/2012/Federal/President/BARACK OBAMA/Obama for America 1352112 (13445463069642)_.pdf			WTTE	473190-obama-for-america-1352112-13445463069642-_-pdf	https://s3.amazonaws.com/s3.documentcloud.org/documents/473190/pages/obama-for-america-1352112-13445463069642-_-pdf-p1-thumbnail.gif		32	2012-08-09 00:00:00 UTC
32775	Federal		/collect/files/74137/Political File/2012/Federal/President/BARACK OBAMA/Obama for America 1352741 (13448709077724)_.pdf			WTTE	473194-obama-for-america-1352741-13448709077724-_-pdf	https://s3.amazonaws.com/s3.documentcloud.org/documents/473194/pages/obama-for-america-1352741-13448709077724-_-pdf-p1-thumbnail.gif		32	2012-08-13 00:00:00 UTC
32774	Federal	1353277	/collect/files/74137/Political File/2012/Federal/President/BARACK OBAMA/Obama for America 1352727 (13448709067382)_.pdf	REPUBLICAN NATIONAL COMMITTEE	NATIONAL MEDIA INC.	WTTE	473193-obama-for-america-1352727-13448709067382-_-pdf	https://s3.amazonaws.com/s3.documentcloud.org/documents/473193/pages/obama-for-america-1352727-13448709067382-_-pdf-p1-thumbnail.gif	20300	32	2012-08-13 00:00:00 UTC
22330	Federal	6861332	/collect/files/71127/Political File/2012/Federal/President/MITT ROMNEY/ROMNEY FOR PRESIDENT  /ROMNEY FOR PRESIDENT WO 10-6 BUY (13494768102464)_.pdf	ROMNEY FOR PRESIDENT	AMERICAN RAMBLER PRODUCTIONS	WAVY-TV	457314-romney-for-president-wo-10-6-buy-13494768102464	https://s3.amazonaws.com/s3.documentcloud.org/documents/457314/pages/romney-for-president-wo-10-6-buy-13494768102464-p1-thumbnail.gif	30500	43	2012-10-05 00:00:00 UTC
31775	Federal	498380	/collect/files/41223/Political File/2012/Federal/US House/AZ-09/SINEMA/SINEMA 10-15-12 (13503420235732)_.pdf	KYRSTEN SINEMA FOR CONGRESS	MEDIA STRATEGIES AND RESEARCH	KPHO-TV	469588-sinema-10-15-12-13503420235732-_-pdf	https://s3.amazonaws.com/s3.documentcloud.org/documents/469588/pages/sinema-10-15-12-13503420235732-_-pdf-p1-thumbnail.gif	8300	13	2012-10-15 00:00:00 UTC
22632	Federal		/collect/files/71127/Political File/2012/Federal/President/BARACK OBAMA/OBAMA FOR AMERICA/OBAMA WO 8-4 SPOT XS (13496211033047)_.pdf			WAVY-TV	457661-obama-wo-8-4-spot-xs-13496211033047-_-pdf	https://s3.amazonaws.com/s3.documentcloud.org/documents/457661/pages/obama-wo-8-4-spot-xs-13496211033047-_-pdf-p1-thumbnail.gif		43	2012-10-07 00:00:00 UTC
30111	Federal	1392161	/collect/files/56549/Political File/2012/Federal/President/RAND PAC/Rand PAC 1392161 (13500516071427)_.pdf	RAND PAC	STRATEGIC MEDIA PLACEMENT	WSYX	467530-rand-pac-1392161-13500516071427-_-pdf	https://s3.amazonaws.com/s3.documentcloud.org/documents/467530/pages/rand-pac-1392161-13500516071427-_-pdf-p1-thumbnail.gif	1000	32	2012-10-12 00:00:00 UTC
24393	Non-Candidate Issue Ads		/collect/files/8616/Political File/2012/Non-Candidate Issue Ads/AMERICANS FOR PROSPERITY/AFP Invoice 8.22-27 (13498824282643)_.pdf			WPVI-TV	461544-afp-invoice-8-22-27-13498824282643-_-pdf	https://s3.amazonaws.com/s3.documentcloud.org/documents/461544/pages/afp-invoice-8-22-27-13498824282643-_-pdf-p1-thumbnail.gif		4	2012-10-10 00:00:00 UTC
32345	Non-Candidate Issue Ads	180368	/collect/files/40875/Political File/2012/Non-Candidate Issue Ads/DCCC180368 (13503423133267)_.pdf	DEMOCRATIC CONGRESSIONAL CAMPAIGN COMMITTEE	GREAT AMERICAN MEDIA	KMGH-TV	470655-dccc180368-13503423133267-_-pdf	https://s3.amazonaws.com/s3.documentcloud.org/documents/470655/pages/dccc180368-13503423133267-_-pdf-p1-thumbnail.gif	141900	17	2012-10-15 00:00:00 UTC
30066	Federal	198457	/collect/files/72326/Political File/2012/Federal/US Senate/PA/BOB CASEY FOR US SENATE/CASEY C198457 10-13 to 10-14 2012/Political - Casey for Senate 10-13 to 10-14 2012  C198457 (13500753122521)_.pdf	CASEY/SENATE-D	SHORR JOHNSON MAGNUS	WHTM-TV	467486-political-casey-for-senate-10-13-to-10-14-2012	https://s3.amazonaws.com/s3.documentcloud.org/documents/467486/pages/political-casey-for-senate-10-13-to-10-14-2012-p1-thumbnail.gif	900	41	2012-10-12 00:00:00 UTC
32078	Federal	65716	/collect/files/72313/Political File/2012/Federal/US House/PA-16/JOSEPH R. PITTS/65716/65716-1 (13503969050907)_.pdf	JOE PITTS 4 CONGRESS	MURRAY PERSKIE & ASSOCIATES	WHP-TV	470385-65716-1-13503969050907-_-pdf	https://s3.amazonaws.com/s3.documentcloud.org/documents/470385/pages/65716-1-13503969050907-_-pdf-p1-thumbnail.gif	6350	41	2012-10-16 00:00:00 UTC
39279	Federal		/collect/files/35675/Political File/2012/Federal/US Senate/Ted Cruz/Disclosure Statement (13509210060405)_.pdf			KTRK-TV	479981-disclosure-statement-13509210060405-_-pdf	https://s3.amazonaws.com/s3.documentcloud.org/documents/479981/pages/disclosure-statement-13509210060405-_-pdf-p1-thumbnail.gif		10	2012-10-22 00:00:00 UTC
31277	State	402381	/collect/files/8616/Political File/2012/State/Delaware/Markell for Delaware/MARKELL 10.16-22 (13503282333116)_.pdf	MARKELL FOR DELAWARE	CAMPAIGN GROUP	WPVI-TV	469069-markell-10-16-22-13503282333116-_-pdf	https://s3.amazonaws.com/s3.documentcloud.org/documents/469069/pages/markell-10-16-22-13503282333116-_-pdf-p1-thumbnail.gif	61600	4	2012-10-15 00:00:00 UTC
31321	State	398590	/collect/files/10213/Political File/2012/State/Pennsylvania/398590--1 (13503368825844)_.pdf	DEMOCRATIC SENATORIAL CAMPAIGN COMMITTEE	"BUYING TIME, LLC"	WPMT	469114-398590-1-13503368825844-_-pdf	https://s3.amazonaws.com/s3.documentcloud.org/documents/469114/pages/398590-1-13503368825844-_-pdf-p1-thumbnail.gif	2200	41	2012-10-15 00:00:00 UTC
39280	Federal		/collect/files/35675/Political File/2012/Federal/US Senate/Ted Cruz/NAB (13509213323975)_.pdf			KTRK-TV	479982-nab-13509213323975-_-pdf	https://s3.amazonaws.com/s3.documentcloud.org/documents/479982/pages/nab-13509213323975-_-pdf-p1-thumbnail.gif		10	2012-10-22 00:00:00 UTC
39281	State		/collect/files/35675/Political File/2012/State/Texas/Texas State Representative District 134/Sarah Davis/Davis 10 29_11 06 Contract 402965 (13509204410381)_.pdf			KTRK-TV	479983-davis-10-29_11-06-contract-402965-13509204410381	https://s3.amazonaws.com/s3.documentcloud.org/documents/479983/pages/davis-10-29_11-06-contract-402965-13509204410381-p1-thumbnail.gif		10	2012-10-22 00:00:00 UTC
55247	Federal		/collect/files/11289/Political File/2012/Federal/President/MITT ROMNEY/ROMNEY 4 PRESIDENT /ADJUSTMENT - romney order 54454 (13524157251982)_.pdf			WKRC-TV	511305-adjustment-romney-order-54454-13524157251982-_-pdf	https://s3.amazonaws.com/s3.documentcloud.org/documents/511305/pages/adjustment-romney-order-54454-13524157251982-_-pdf-p1-thumbnail.gif		35	2012-11-08 00:00:00 UTC
55250	Federal		/collect/files/66391/Political File/2012/Federal/President/BARACK OBAMA/Obama 10 1-11 6 rev.9 (13524156797525)_.pdf			WSPA-TV	511308-obama-10-1-11-6-rev-9-13524156797525-_-pdf	https://s3.amazonaws.com/s3.documentcloud.org/documents/511308/pages/obama-10-1-11-6-rev-9-13524156797525-_-pdf-p1-thumbnail.gif		37	2012-11-08 00:00:00 UTC
31932	Local	722619	/collect/files/35486/Political File/2012/Local/Arizona/Joe Arpaio/Arpaio 10_16722619 (13504209200222)_.pdf	JOE ARPAIO FOR MARICOPA COUNTY SHERIFF	STEVENS REED CURCIO & POTHOLM MEDIA	KPNX	470233-arpaio-10_16722619-13504209200222-_-pdf	https://s3.amazonaws.com/s3.documentcloud.org/documents/470233/pages/arpaio-10_16722619-13504209200222-_-pdf-p1-thumbnail.gif	50925	13	2012-10-16 00:00:00 UTC
55248	Non-Candidate Issue Ads		/collect/files/11289/Political File/2012/Non-Candidate Issue Ads/Amer 4 Prosperity/ADJUSTMENT - americans for prosperity order 53590 (13524157095346)_.pdf			WKRC-TV	511306-adjustment-americans-for-prosperity-order-53590	https://s3.amazonaws.com/s3.documentcloud.org/documents/511306/pages/adjustment-americans-for-prosperity-order-53590-p1-thumbnail.gif		35	2012-11-08 00:00:00 UTC
10251	Federal	9784327	/collect/files/11289/Political File/2012/Federal/President/MITT ROMNEY/RNC - Romney/47559/rnc romney order 47559 version 3 (13444614052927)_.pdf	RNC-ROMNEY	AMERICAN RAMBLER PRODUCTION	WKRC-TV	429603-collect-files-11289-political-file-2012-federal	https://s3.amazonaws.com/s3.documentcloud.org/documents/429603/pages/collect-files-11289-political-file-2012-federal-p1-thumbnail.gif	0	35	2012-08-08 00:00:00 UTC
55256	Federal	337336	/collect/files/47904/Political File/2012/Federal/President/BARACK OBAMA/Obama 1844 Final_337336--1 (13524183455130)_.pdf	OBAMA FOR AMERICA	GMMB	WRC-TV	511314-obama-1844-final_337336-1-13524183455130-_-pdf	https://s3.amazonaws.com/s3.documentcloud.org/documents/511314/pages/obama-1844-final_337336-1-13524183455130-_-pdf-p1-thumbnail.gif	207510	8	2012-11-08 00:00:00 UTC
31541	Federal	310959	/collect/files/59440/Political File/2012/Federal/US House/AZ-01/JONATHAN PATON/Paton_1018-1024REV2 (13503483811618)_.pdf	PATON FOR CONGRESS	STRATEGIC MEDIA SERVICES	KNXV-TV	469335-paton_1018-1024rev2-13503483811618-_-pdf	https://s3.amazonaws.com/s3.documentcloud.org/documents/469335/pages/paton_1018-1024rev2-13503483811618-_-pdf-p1-thumbnail.gif	10750	13	2012-10-15 00:00:00 UTC
31853	Federal	1392405	/collect/files/56549/Political File/2012/Federal/President/AMERICAN CROSSROADS/American Crossroads 1392405 (13503296205354)_.pdf	AMERICAN CROSSROADS	CROSSROADS MEDIA-ALEXANDRIA	WSYX	469666-american-crossroads-1392405-13503296205354-_-pdf	https://s3.amazonaws.com/s3.documentcloud.org/documents/469666/pages/american-crossroads-1392405-13503296205354-_-pdf-p1-thumbnail.gif	19125	32	2012-10-15 00:00:00 UTC
39294	Local		/collect/files/71217/Political File/2012/Local/Ohio/HOOVER FOR JUDGE HERRELL FOR SHERIFF/NAB Valoria Hoover/NAB HOOVER (13509345120803)_.pdf			WBNS-TV	479996-nab-hoover-13509345120803-_-pdf	https://s3.amazonaws.com/s3.documentcloud.org/documents/479996/pages/nab-hoover-13509345120803-_-pdf-p1-thumbnail.gif		32	2012-10-22 00:00:00 UTC
32341	Federal	187040	/collect/files/40875/Political File/2012/Federal/President/BARACK OBAMA/Obama187040 (13503351151533)_.pdf	OBAMA FOR AMERICA	GMMB INC	KMGH-TV	470651-obama187040-13503351151533-_-pdf	https://s3.amazonaws.com/s3.documentcloud.org/documents/470651/pages/obama187040-13503351151533-_-pdf-p1-thumbnail.gif	19250	17	2012-10-15 00:00:00 UTC
39282	Federal		/collect/files/72300/Political File/2012/Federal/President/BARACK OBAMA/Obama For America 489484 (13509219098368)_.pdf			WHNS	479984-obama-for-america-489484-13509219098368-_-pdf	https://s3.amazonaws.com/s3.documentcloud.org/documents/479984/pages/obama-for-america-489484-13509219098368-_-pdf-p1-thumbnail.gif		37	2012-10-22 00:00:00 UTC
10256	Federal		/collect/files/11289/Political File/2012/Federal/President/BARACK OBAMA/order 45918/obama order 45918 version 4-13 (13445454082397)_.pdf			WKRC-TV	429608-collect-files-11289-political-file-2012-federal	https://s3.amazonaws.com/s3.documentcloud.org/documents/429608/pages/collect-files-11289-political-file-2012-federal-p1-thumbnail.gif		35	2012-08-09 00:00:00 UTC
39292	Federal	103552	/collect/files/71217/Political File/2012/Federal/President/MITT ROMNEY/103552 (13509336060110)_.pdf	ROMNEY FOR PRESIDENT	AMERICAN RAMBLER PRODUCTION	WBNS-TV	479994-103552-13509336060110-_-pdf	https://s3.amazonaws.com/s3.documentcloud.org/documents/479994/pages/103552-13509336060110-_-pdf-p1-thumbnail.gif	199800	32	2012-10-22 00:00:00 UTC
55253	State		/collect/files/66391/Political File/2012/State/South Carolina/Larry Martin for Senate/Larry Martin 10 29-11 6 rev.2 (13524153606805)_.pdf			WSPA-TV	511311-larry-martin-10-29-11-6-rev-2-13524153606805-_-pdf	https://s3.amazonaws.com/s3.documentcloud.org/documents/511311/pages/larry-martin-10-29-11-6-rev-2-13524153606805-_-pdf-p1-thumbnail.gif		37	2012-11-08 00:00:00 UTC
55252	State	6398354	/collect/files/66391/Political File/2012/State/North Carolina/STATE SENATE/Jim Davis/Jim Davis 10 27-11 6 rev.2 (13524153617319)_.pdf	JIM DAVIS	INNOVATIVE ADVERTISING	WSPA-TV	511310-jim-davis-10-27-11-6-rev-2-13524153617319-_-pdf	https://s3.amazonaws.com/s3.documentcloud.org/documents/511310/pages/jim-davis-10-27-11-6-rev-2-13524153617319-_-pdf-p1-thumbnail.gif	0	37	2012-11-08 00:00:00 UTC
39286	Non-Candidate Issue Ads	498054	/collect/files/72300/Political File/2012/Non-Candidate Issue Ads/RESTORE  OUR  FUTURE/Restore Our   Future 498054 (13509231082134)_.pdf	RESTORE OUR FUTURE	MENTZER MEDIA SERVICES INC	WHNS	479988-restore-our-future-498054-13509231082134-_-pdf	https://s3.amazonaws.com/s3.documentcloud.org/documents/479988/pages/restore-our-future-498054-13509231082134-_-pdf-p1-thumbnail.gif	38480	37	2012-10-22 00:00:00 UTC
55259	Federal	343259	/collect/files/47904/Political File/2012/Federal/President/BARACK OBAMA/Obama 2174 Final_343259--1 (13524183376079)_.pdf	OBAMA FOR AMERICA	GMMB	WRC-TV	511317-obama-2174-final_343259-1-13524183376079-_-pdf	https://s3.amazonaws.com/s3.documentcloud.org/documents/511317/pages/obama-2174-final_343259-1-13524183376079-_-pdf-p1-thumbnail.gif	96785	8	2012-11-08 00:00:00 UTC
55260	Federal	343497	/collect/files/47904/Political File/2012/Federal/President/BARACK OBAMA/Obama 2175 Final_343497--1 (13524183408511)_.pdf	OBAMA FOR AMERICA	GMMB	WRC-TV	511318-obama-2175-final_343497-1-13524183408511-_-pdf	https://s3.amazonaws.com/s3.documentcloud.org/documents/511318/pages/obama-2175-final_343497-1-13524183408511-_-pdf-p1-thumbnail.gif	180260	8	2012-11-08 00:00:00 UTC
36202	Federal		/collect/files/22206/Political File/2012/Federal/US Senate/4071708 (13476477037742)_.pdf			WNYW	476624-4071708-13476477037742-_-pdf	https://s3.amazonaws.com/s3.documentcloud.org/documents/476624/pages/4071708-13476477037742-_-pdf-p1-thumbnail.gif		1	2012-09-14 00:00:00 UTC
55257	Federal	340807	/collect/files/47904/Political File/2012/Federal/President/BARACK OBAMA/Obama 2002 Final_340807--1 (13524183429823)_.pdf	OBAMA FOR AMERICA	GMMB	WRC-TV	511315-obama-2002-final_340807-1-13524183429823-_-pdf	https://s3.amazonaws.com/s3.documentcloud.org/documents/511315/pages/obama-2002-final_340807-1-13524183429823-_-pdf-p1-thumbnail.gif	169860	8	2012-11-08 00:00:00 UTC
55258	Federal	341803	/collect/files/47904/Political File/2012/Federal/President/BARACK OBAMA/Obama 2051 Final_341803--1 (13524183386707)_.pdf	OBAMA FOR AMERICA	GMMB	WRC-TV	511316-obama-2051-final_341803-1-13524183386707-_-pdf	https://s3.amazonaws.com/s3.documentcloud.org/documents/511316/pages/obama-2051-final_341803-1-13524183386707-_-pdf-p1-thumbnail.gif	162190	8	2012-11-08 00:00:00 UTC
54859	Federal		/collect/files/47904/Political File/2012/Federal/President/BARACK OBAMA/Obama Est 2174 October 2012 Invoice (13523898369052)_.pdf			WRC-TV	510810-obama-est-2174-october-2012-invoice	https://s3.amazonaws.com/s3.documentcloud.org/documents/510810/pages/obama-est-2174-october-2012-invoice-p1-thumbnail.gif		8	2012-11-08 00:00:00 UTC
54860	Federal		/collect/files/47904/Political File/2012/Federal/President/BARACK OBAMA/Obama Est 2175 October 2012 Invoice (13523898348271)_.pdf			WRC-TV	510811-obama-est-2175-october-2012-invoice	https://s3.amazonaws.com/s3.documentcloud.org/documents/510811/pages/obama-est-2175-october-2012-invoice-p1-thumbnail.gif		8	2012-11-08 00:00:00 UTC
32214	Non-Candidate Issue Ads	4078996	/collect/files/6463/Political File/2012/Non-Candidate Issue Ads/Amer Action Network/American Action Network Est 3352 (13503978063254)_.pdf	AMERICAN ACTION NETWORK	AMERICAN MEDIA & ADVOCACY GROUP	WFXT	470522-american-action-network-est-3352-13503978063254	https://s3.amazonaws.com/s3.documentcloud.org/documents/470522/pages/american-action-network-est-3352-13503978063254-p1-thumbnail.gif	27100	7	2012-10-16 00:00:00 UTC
30897	Federal	341666	/collect/files/63153/Political File/2012/Federal/US Senate/PA/Menendez for Senate/Menendez order 4 (13500774152684)_.pdf	MENENDEZ FOR SENATE	MESSAGE & MEDIA	WCAU	468469-menendez-order-4-13500774152684-_-pdf	https://s3.amazonaws.com/s3.documentcloud.org/documents/468469/pages/menendez-order-4-13500774152684-_-pdf-p1-thumbnail.gif	41450	4	2012-10-12 00:00:00 UTC
10351	State	6217721	/collect/files/66391/Political File/2012/State/North Carolina/Governor/Pat McCrory WSPA 6217721 (13442860989625)_.pdf	PAT MCCRORY/R/GOVERNOR	SMART MEDIA GROUP-ALEXANDRIA	WSPA-TV	429703-collect-files-66391-political-file-2012-state	https://s3.amazonaws.com/s3.documentcloud.org/documents/429703/pages/collect-files-66391-political-file-2012-state-p1-thumbnail.gif	20300	37	2012-08-03 00:00:00 UTC
8648	Federal	703822-3	/collect/files/11893/Political File/2012/Federal/President/BARACK OBAMA/6259038-MG 1_1703822 (13470513134464)_.pdf	OBAMA FOR AMERICA	GREER MARGOLIS MITCHELL/POL	WJXX	426068-collect-files-11893-political-file-2012-federal	https://s3.amazonaws.com/s3.documentcloud.org/documents/426068/pages/collect-files-11893-political-file-2012-federal-p1-thumbnail.gif	0	50	2012-09-07 00:00:00 UTC
23872	Federal		/collect/files/25453/Political File/2012/Federal/US Senate/PA/TOM SMITH/KYW TOM SMITH R SENATE PA ORD80483 FED INVOICE-2 (13497975434299)_.pdf			KYW-TV	459692-kyw-tom-smith-r-senate-pa-ord80483-fed-invoice-2	https://s3.amazonaws.com/s3.documentcloud.org/documents/459692/pages/kyw-tom-smith-r-senate-pa-ord80483-fed-invoice-2-p1-thumbnail.gif		4	2012-10-09 00:00:00 UTC
39304	Local		/collect/files/28476/Political File/2012/Local/Kentucky/Angela Bisig/Bisig NAB 10-22 (13509279148288)_.pdf			WDRB	480007-bisig-nab-10-22-13509279148288-_-pdf	https://s3.amazonaws.com/s3.documentcloud.org/documents/480007/pages/bisig-nab-10-22-13509279148288-_-pdf-p1-thumbnail.gif		48	2012-10-22 00:00:00 UTC
9065	Federal	1353209	/collect/files/56537/Political File/2012/Federal/President/BARACK OBAMA/1353209 Obama for America 9.4.12-9.10.12 (13473768573329)_.pdf	OBAMA FOR AMERICA	GREER MARGOLIS MITCHELL BURNS & ASSOCIATES - WASHINGTON	WLOS	427588-collect-files-56537-political-file-2012-federal	https://s3.amazonaws.com/s3.documentcloud.org/documents/427588/pages/collect-files-56537-political-file-2012-federal-p1-thumbnail.gif	33275	37	2012-09-11 00:00:00 UTC
3963	State	1357357	/collect/files/56537/Political File/2012/State/North Carolina/Dalton/Dalton for Governor 9.11.12-9.17.12 (13457313037637)_.pdf	DALTON FOR GOVERNOR	BUYING TIME MEDIA	WLOS	418158-collect-files-56537-political-file-2012-state	https://s3.amazonaws.com/s3.documentcloud.org/documents/418158/pages/collect-files-56537-political-file-2012-state-p1-thumbnail.gif	40500	37	
22717	Federal	208594	/collect/files/65387/Political File/2012/Federal/President/MITT ROMNEY/ROMNEY FOR PRESIDENT/ROMNEY FOR PRESIDENT WO 9-26 REV 2 ORDER (13496362277468)_.pdf	ROMNEY FOR PRESIDENT	AMERICAN RAMBLER PRODUCTIONS	WVBT	457746-romney-for-president-wo-9-26-rev-2-order	https://s3.amazonaws.com/s3.documentcloud.org/documents/457746/pages/romney-for-president-wo-9-26-rev-2-order-p1-thumbnail.gif	37450	43	2012-10-07 00:00:00 UTC
7713	Federal	1347141	/collect/files/56537/Political File/2012/Federal/President/BARACK OBAMA/1347141 Obama for America 8.14.12-9.3.12 (13468551289239)_.pdf	OBAMA FOR AMERICA	GREER MARGOLIS MITCHELL BURNS	WLOS	424246-collect-files-56537-political-file-2012-federal	https://s3.amazonaws.com/s3.documentcloud.org/documents/424246/pages/collect-files-56537-political-file-2012-federal-p1-thumbnail.gif	180160	37	2012-09-05 00:00:00 UTC
39305	Local		/collect/files/28476/Political File/2012/Local/Kentucky/Irv Maze/Maze NAB 10-22 (13509279137784)_.pdf			WDRB	480008-maze-nab-10-22-13509279137784-_-pdf	https://s3.amazonaws.com/s3.documentcloud.org/documents/480008/pages/maze-nab-10-22-13509279137784-_-pdf-p1-thumbnail.gif		48	2012-10-22 00:00:00 UTC
55264	Federal	342216	/collect/files/47904/Political File/2012/Federal/President/MITT ROMNEY/Romney 505 Final_342216--1 (13524181139554)_.pdf	ROMNEY FOR PRESIDENT	AMERICAN RAMBLER PRODUCTIONS	WRC-TV	511322-romney-505-final_342216-1-13524181139554-_-pdf	https://s3.amazonaws.com/s3.documentcloud.org/documents/511322/pages/romney-505-final_342216-1-13524181139554-_-pdf-p1-thumbnail.gif	235610	8	2012-11-08 00:00:00 UTC
55261	Federal	339838	/collect/files/47904/Political File/2012/Federal/President/MITT ROMNEY/RNC-ROMNEY/RNCRomney 483 Final_339838--1 (13524180984389)_.pdf	ROMNEY FOR PRESIDENT	AMERICAN RAMBLER PRODUCTIONS	WRC-TV	511319-rncromney-483-final_339838-1-13524180984389-_-pdf	https://s3.amazonaws.com/s3.documentcloud.org/documents/511319/pages/rncromney-483-final_339838-1-13524180984389-_-pdf-p1-thumbnail.gif	226220	8	2012-11-08 00:00:00 UTC
13170	Non-Candidate Issue Ads	4070413	/collect/files/68883/Political File/2012/Non-Candidate Issue Ads/ALLIANCE 4 BETTER MN/4070413-4 (13478994065663)_.pdf	ALLIANCE 4 BETTER MN	THE NEW MEDIA FIRM	KMSP-TV	433986-collect-files-68883-political-file-2012-non	https://s3.amazonaws.com/s3.documentcloud.org/documents/433986/pages/collect-files-68883-political-file-2012-non-p1-thumbnail.gif	18000	15	2012-09-17 00:00:00 UTC
55262	Federal	337905	/collect/files/47904/Political File/2012/Federal/President/MITT ROMNEY/Romney 387 Final_337905--1 (13524181105942)_.pdf	ROMNEY FOR PRESIDENT	AMERICAN RAMBLER PRODUCTIONS	WRC-TV	511320-romney-387-final_337905-1-13524181105942-_-pdf	https://s3.amazonaws.com/s3.documentcloud.org/documents/511320/pages/romney-387-final_337905-1-13524181105942-_-pdf-p1-thumbnail.gif	212600	8	2012-11-08 00:00:00 UTC
26940	State		/collect/files/21656/Political File/2012/State/Washington/GOVENOR/INSLEE/INSLEE199750 (13499151122141)_.pdf			KOMO-TV	464271-inslee199750-13499151122141-_-pdf	https://s3.amazonaws.com/s3.documentcloud.org/documents/464271/pages/inslee199750-13499151122141-_-pdf-p1-thumbnail.gif		12	2012-10-10 00:00:00 UTC
39309	Federal	583557	/collect/files/73150/Political File/2012/Federal/President/MITT ROMNEY/Romney for Pres 583557 (13509213302456)_.pdf	ROMNEY FOR PRESIDENT	AMERICAN RAMBLER PRODUCTION	WJW	480012-romney-for-pres-583557-13509213302456-_-pdf	https://s3.amazonaws.com/s3.documentcloud.org/documents/480012/pages/romney-for-pres-583557-13509213302456-_-pdf-p1-thumbnail.gif	260500	18	2012-10-22 00:00:00 UTC
55265	Federal	340427	/collect/files/47904/Political File/2012/Federal/President/MITT ROMNEY/Romney Final_340427--1 (13524181116876)_.pdf	ROMNEY FOR PRESIDENT	AMERICAN RAMBLER PRODUCTIONS	WRC-TV	511323-romney-final_340427-1-13524181116876-_-pdf	https://s3.amazonaws.com/s3.documentcloud.org/documents/511323/pages/romney-final_340427-1-13524181116876-_-pdf-p1-thumbnail.gif	140540	8	2012-11-08 00:00:00 UTC
55263	Federal	340991	/collect/files/47904/Political File/2012/Federal/President/MITT ROMNEY/Romney 498 Final_340991--1 (13524181095405)_.pdf	ROMNEY FOR PRESIDENT	AMERICAN RAMBLER PRODUCTIONS	WRC-TV	511321-romney-498-final_340991-1-13524181095405-_-pdf	https://s3.amazonaws.com/s3.documentcloud.org/documents/511321/pages/romney-498-final_340991-1-13524181095405-_-pdf-p1-thumbnail.gif	249650	8	2012-11-08 00:00:00 UTC
24386	Federal	401019	/collect/files/8616/Political File/2012/Federal/US Senate/PA/TOM SMITH/SMITH 10.2-8 Rev 3 (13498800242806)_.pdf	TOM SMITH FOR SENATE	SRCP MEDIA	WPVI-TV	461537-smith-10-2-8-rev-3-13498800242806-_-pdf	https://s3.amazonaws.com/s3.documentcloud.org/documents/461537/pages/smith-10-2-8-rev-3-13498800242806-_-pdf-p1-thumbnail.gif	204550	4	2012-10-10 00:00:00 UTC
39317	Federal	67120	/collect/files/72313/Political File/2012/Federal/US Senate/TOM SMITH/67120/67120-2 (13509173328168)_.pdf	SMITH/R/SENATE	SRCP MEDIA	WHP-TV	480020-67120-2-13509173328168-_-pdf	https://s3.amazonaws.com/s3.documentcloud.org/documents/480020/pages/67120-2-13509173328168-_-pdf-p1-thumbnail.gif	34750	41	2012-10-22 00:00:00 UTC
13987	Non-Candidate Issue Ads	714708	/collect/files/23079/Political File/2012/Non-Candidate Issue Ads/Minnesotans First Political Action Committee/MN FIRST POL714708 (13480057788657)_.pdf	MINNESOTANS FIRST POLITICAL ACTION CO	OAK HILL PRODUCTIONS	KARE	435452-collect-files-23079-political-file-2012-non	https://s3.amazonaws.com/s3.documentcloud.org/documents/435452/pages/collect-files-23079-political-file-2012-non-p1-thumbnail.gif	30000	15	
13589	Non-Candidate Issue Ads		/collect/files/28010/Political File/2012/Non-Candidate Issue Ads/House Majority Pac/K5-HOUSE MAJORITY PAC-FRM-09-11-12 (13479048099100)_.pdf			KSTP-TV	434405-collect-files-28010-political-file-2012-non	https://s3.amazonaws.com/s3.documentcloud.org/documents/434405/pages/collect-files-28010-political-file-2012-non-p1-thumbnail.gif		15	
55266	Federal	341981	/collect/files/47904/Political File/2012/Federal/US Senate/BONGINO FOR US SENATE/Bongino 503 Final_341981--1 (13524180905355)_.pdf	BONGINO FOR SENATE	MEDIA AD-VENTURES	WRC-TV	511324-bongino-503-final_341981-1-13524180905355-_-pdf	https://s3.amazonaws.com/s3.documentcloud.org/documents/511324/pages/bongino-503-final_341981-1-13524180905355-_-pdf-p1-thumbnail.gif	23490	8	2012-11-08 00:00:00 UTC
13986	Non-Candidate Issue Ads	714522	/collect/files/23079/Political File/2012/Non-Candidate Issue Ads/Minnesota United for all Families/MN UNITED FOR ALL714522 (13479918030785)_.pdf	MINNESOTA UNITED FOR ALL FAMILIES	MEDIA STRATEGIES & RESEARCH/ POL	KARE	435451-collect-files-23079-political-file-2012-non	https://s3.amazonaws.com/s3.documentcloud.org/documents/435451/pages/collect-files-23079-political-file-2012-non-p1-thumbnail.gif	63850	15	
14414	Non-Candidate Issue Ads	683980	/collect/files/23079/Political File/2012/Non-Candidate Issue Ads/Democratic Congressional Campaign/DCCC683980 (13480863090515)_.pdf	DEMOCRATIC CONGRESSIONAL CAMPAIGN COMMITTEE	GREAT AMERICAN MEDIA/POL	KARE	436582-collect-files-23079-political-file-2012-non	https://s3.amazonaws.com/s3.documentcloud.org/documents/436582/pages/collect-files-23079-political-file-2012-non-p1-thumbnail.gif	193200	15	
14536	Federal		/collect/files/68883/Political File/2012/Federal/US House/MN-06/MICHELE BACHMANN/4073309--1 (13480809044484)_.pdf			KMSP-TV	436704-collect-files-68883-political-file-2012-federal	https://s3.amazonaws.com/s3.documentcloud.org/documents/436704/pages/collect-files-68883-political-file-2012-federal-p1-thumbnail.gif		15	2012-09-19 00:00:00 UTC
14539	Non-Candidate Issue Ads	4068069	/collect/files/68883/Political File/2012/Non-Candidate Issue Ads/AM ACTION-NETWORK/4068069-0 (13481469034071)_.pdf	AMERICAN ACTION NETWORK	AMERICAN MEDIA & ADVOCACY GROUP	KMSP-TV	436708-collect-files-68883-political-file-2012-non	https://s3.amazonaws.com/s3.documentcloud.org/documents/436708/pages/collect-files-68883-political-file-2012-non-p1-thumbnail.gif	17750	15	2012-09-20 00:00:00 UTC
14741	Federal		/collect/files/9629/Political File/2012/Federal/US House/MN-06/JAMES JOSEPH GRAVES/WCCO JIM GRAVES DFL HOUSEMNCD6 BASEFILE FED PIQ (13480707098320)_.pdf			WCCO-TV	436919-collect-files-9629-political-file-2012-federal	https://s3.amazonaws.com/s3.documentcloud.org/documents/436919/pages/collect-files-9629-political-file-2012-federal-p1-thumbnail.gif		15	2012-09-19 00:00:00 UTC
14742	Federal	1141-53610-1	/collect/files/9629/Political File/2012/Federal/US House/MN-06/JAMES JOSEPH GRAVES/WCCO JIM GRAVES DFL HOUSEMNCD6 ORD53610 FED CONTRACT (13480707087539)_.pdf	GRAVES FOR CONGRESS	MEDIA STRATEGIES & RESEARCH	WCCO-TV	436920-collect-files-9629-political-file-2012-federal	https://s3.amazonaws.com/s3.documentcloud.org/documents/436920/pages/collect-files-9629-political-file-2012-federal-p1-thumbnail.gif	24875	15	2012-09-19 00:00:00 UTC
14745	Non-Candidate Issue Ads		/collect/files/9629/Political File/2012/Non-Candidate Issue Ads/AMERICANS FOR PROSPERITY/WCCO AMERICANS FOR PROSPERITY TP ISSUE ORD53456 FEDNATL INVOICE (13480833115493)_.pdf			WCCO-TV	436923-collect-files-9629-political-file-2012-non	https://s3.amazonaws.com/s3.documentcloud.org/documents/436923/pages/collect-files-9629-political-file-2012-non-p1-thumbnail.gif		15	2012-09-19 00:00:00 UTC
14801	Non-Candidate Issue Ads		/collect/files/28010/Political File/2012/Non-Candidate Issue Ads/NRCC/K5-NRCC-FRM-08-30-12 (13480884166005)_.pdf			KSTP-TV	436980-collect-files-28010-political-file-2012-non	https://s3.amazonaws.com/s3.documentcloud.org/documents/436980/pages/collect-files-28010-political-file-2012-non-p1-thumbnail.gif		15	2012-09-19 00:00:00 UTC
39319	State	67469	/collect/files/72313/Political File/2012/State/Pennsylvania/STATE SENATE/Teplitz-D/67469/67469-1 (13509189034926)_.pdf	TEPLITZ/D/SENATE PA	BUYING TIME MEDIA	WHP-TV	480022-67469-1-13509189034926-_-pdf	https://s3.amazonaws.com/s3.documentcloud.org/documents/480022/pages/67469-1-13509189034926-_-pdf-p1-thumbnail.gif	11680	41	2012-10-22 00:00:00 UTC
39320	State	67469	/collect/files/72313/Political File/2012/State/Pennsylvania/STATE SENATE/Teplitz-D/67469/67469-2 (13509282072244)_.pdf	TEPLITZ/D/SENATE PA	BUYING TIME MEDIA	WHP-TV	480023-67469-2-13509282072244-_-pdf	https://s3.amazonaws.com/s3.documentcloud.org/documents/480023/pages/67469-2-13509282072244-_-pdf-p1-thumbnail.gif	11680	41	2012-10-22 00:00:00 UTC
39318	State	67688	/collect/files/72313/Political File/2012/State/Pennsylvania/STATE SENATE/McNally-R/67688/67688-1 (13509366420764)_.pdf	MCNALLY/R/PA SENATE	RED MAVERICK MEDIA	WHP-TV	480021-67688-1-13509366420764-_-pdf	https://s3.amazonaws.com/s3.documentcloud.org/documents/480021/pages/67688-1-13509366420764-_-pdf-p1-thumbnail.gif	9470	41	2012-10-22 00:00:00 UTC
22654	Federal	203264	/collect/files/71127/Political File/2012/Federal/President/BARACK OBAMA/OBAMA FOR AMERICA/OBAMA WO 9-5 REV ORDER-1536 (13496224056416)_.pdf	OBAMA FOR AMERICA	GREER MARGOLIS & MITCHELL	WAVY-TV	457683-obama-wo-9-5-rev-order-1536-13496224056416-_-pdf	https://s3.amazonaws.com/s3.documentcloud.org/documents/457683/pages/obama-wo-9-5-rev-order-1536-13496224056416-_-pdf-p1-thumbnail.gif	59605	43	2012-10-07 00:00:00 UTC
26049	Federal	1392246	/collect/files/56549/Political File/2012/Federal/US Senate/JOSH MANDEL OH US SENATE-R/Josh Mandel 1392246 (13500507052834)_.pdf	JOSH MANDEL OH US SENATE-R	STRATEGIC MEDIA PLACEMENT	WSYX	463271-josh-mandel-1392246-13500507052834-_-pdf	https://s3.amazonaws.com/s3.documentcloud.org/documents/463271/pages/josh-mandel-1392246-13500507052834-_-pdf-p1-thumbnail.gif	26125	32	2012-10-12 00:00:00 UTC
23109	Non-Candidate Issue Ads	1389887	/collect/files/56549/Political File/2012/Non-Candidate Issue Ads/National Rifle Assn/NRA National Rifle Assn 1389887 (13497225069467)_.pdf	NATIONAL RIFLE ASSOCIATION	AMERICAN MEDIA & ADVOCACY GROUP	WSYX	458561-nra-national-rifle-assn-1389887-13497225069467-_	https://s3.amazonaws.com/s3.documentcloud.org/documents/458561/pages/nra-national-rifle-assn-1389887-13497225069467-_-p1-thumbnail.gif	11900	32	
11436	Federal	4054644	/collect/files/35587/Political File/2012/Federal/US Senate/Senator/Jeff Flake/Flake 8-6 to 8-12 Rev 2 (13445535051214)_.pdf	JEFF FLAKE FOR SENATE	SMART MEDIA GROUP LLC	KSAZ-TV	431377-collect-files-35587-political-file-2012-federal	https://s3.amazonaws.com/s3.documentcloud.org/documents/431377/pages/collect-files-35587-political-file-2012-federal-p1-thumbnail.gif	46340	13	2012-08-09 00:00:00 UTC
30901	Federal		/collect/files/59440/Political File/2012/Federal/US House/AZ-09/KYRSTEN SINEMA/Sinema NAB 082012 (13500855736924)_.pdf			KNXV-TV	468473-sinema-nab-082012-13500855736924-_-pdf	https://s3.amazonaws.com/s3.documentcloud.org/documents/468473/pages/sinema-nab-082012-13500855736924-_-pdf-p1-thumbnail.gif		13	2012-10-12 00:00:00 UTC
12288	Non-Candidate Issue Ads	703388	/collect/files/35486/Political File/2012/Non-Candidate Issue Ads/HOUSE MAJORITY PAC 09-25-12 - 10-01-12 (13444713447623)_.pdf	HOUSE MAJORITY PAC	WATERFRONT STRATEGIES/ POL	KPNX	432249-collect-files-35486-political-file-2012-non	https://s3.amazonaws.com/s3.documentcloud.org/documents/432249/pages/collect-files-35486-political-file-2012-non-p1-thumbnail.gif	39065	13	2012-08-08 00:00:00 UTC
31854	Federal	1392336	/collect/files/56549/Political File/2012/Federal/President/NRA Political Victory Fund/NRA Political Victory Fund 1392336 (13503315370750)_.pdf	NRA POLITICAL VICTORY FUND	AMERICAN MEDIA & ADVOCACY GROUP	WSYX	469667-nra-political-victory-fund-1392336	https://s3.amazonaws.com/s3.documentcloud.org/documents/469667/pages/nra-political-victory-fund-1392336-p1-thumbnail.gif	20900	32	2012-10-15 00:00:00 UTC
31856	Federal		/collect/files/56549/Political File/2012/Federal/President/SECURE AMERICA NOW/Secure America Now NAB (13503312060041)_.pdf			WSYX	469669-secure-america-now-nab-13503312060041-_-pdf	https://s3.amazonaws.com/s3.documentcloud.org/documents/469669/pages/secure-america-now-nab-13503312060041-_-pdf-p1-thumbnail.gif		32	2012-10-15 00:00:00 UTC
31866	State	1392161	/collect/files/56549/Political File/2012/State/Ohio/RAND PAC/Rand PAC 1392161 (13503309126280)_.pdf	RAND PAC	STRATEGIC MEDIA PLACEMENT	WSYX	469679-rand-pac-1392161-13503309126280-_-pdf	https://s3.amazonaws.com/s3.documentcloud.org/documents/469679/pages/rand-pac-1392161-13503309126280-_-pdf-p1-thumbnail.gif	1000	32	2012-10-15 00:00:00 UTC
31862	State	1376701	/collect/files/56549/Political File/2012/State/Ohio/Protect Your Vote Ohio - Issue 2/Protect Your Vote Ohio 1376701 (13503309105174)_.pdf	PROTECT YOUR VOTE OHIO	STRATEGIC MEDIA PLACEMENT	WSYX	469675-protect-your-vote-ohio-1376701-13503309105174-_	https://s3.amazonaws.com/s3.documentcloud.org/documents/469675/pages/protect-your-vote-ohio-1376701-13503309105174-_-p1-thumbnail.gif	57450	32	2012-10-15 00:00:00 UTC
7716	Federal	1361170	/collect/files/56537/Political File/2012/Federal/President/BARACK OBAMA/1361170 Obama for America 9.25.12-10.1.12 (13468566370323)_.pdf	OBAMA FOR AMERICA	GREER MARGOLIS MITCHELL BURNS & ASSOCIATES - WASHINGTON	WLOS	424249-collect-files-56537-political-file-2012-federal	https://s3.amazonaws.com/s3.documentcloud.org/documents/424249/pages/collect-files-56537-political-file-2012-federal-p1-thumbnail.gif	36500	37	
3935	Non-Candidate Issue Ads		/collect/files/56537/Political File/2012/Non-Candidate Issue Ads/NAB American Crossroads (13449726072224)_.pdf			WLOS	418130-collect-files-56537-political-file-2012-non	https://s3.amazonaws.com/s3.documentcloud.org/documents/418130/pages/collect-files-56537-political-file-2012-non-p1-thumbnail.gif		37	
3948	Non-Candidate Issue Ads	1357038	/collect/files/56537/Political File/2012/Non-Candidate Issue Ads/Republican Governors Association of NC 9.25.12-10.1.12 (13457313142459)_.pdf	DALTON FOR GOVERNOR	BUYING TIME MEDIA	WLOS	418143-collect-files-56537-political-file-2012-non	https://s3.amazonaws.com/s3.documentcloud.org/documents/418143/pages/collect-files-56537-political-file-2012-non-p1-thumbnail.gif	40500	37	
3965	State		/collect/files/56537/Political File/2012/State/North Carolina/Dalton/NAB Dalton For Governor (13451505071649)_.pdf			WLOS	418160-collect-files-56537-political-file-2012-state	https://s3.amazonaws.com/s3.documentcloud.org/documents/418160/pages/collect-files-56537-political-file-2012-state-p1-thumbnail.gif		37	2012-08-16 00:00:00 UTC
25415	Federal		/collect/files/56549/Political File/2012/Federal/President/WOMEN SPEAK OUT PAC/Women Speak Out PAC NAB (13499679077031)_.pdf			WSYX	462570-women-speak-out-pac-nab-13499679077031-_-pdf	https://s3.amazonaws.com/s3.documentcloud.org/documents/462570/pages/women-speak-out-pac-nab-13499679077031-_-pdf-p1-thumbnail.gif		32	2012-10-11 00:00:00 UTC
32069	Federal	80914	/collect/files/25453/Political File/2012/Federal/US Senate/DE-00/THOMAS R CARPER/KYW TOM CARPER D SENATE DE ORD80914 FED ORDER (13503990080869)_.pdf	TOM CARPER	THE CAMPAIGN GROUP	KYW-TV	470376-kyw-tom-carper-d-senate-de-ord80914-fed-order	https://s3.amazonaws.com/s3.documentcloud.org/documents/470376/pages/kyw-tom-carper-d-senate-de-ord80914-fed-order-p1-thumbnail.gif	9000	4	2012-10-16 00:00:00 UTC
14803	Non-Candidate Issue Ads		/collect/files/28010/Political File/2012/Non-Candidate Issue Ads/AMERICANS FOR PROSPERITY/K5-Americans for Prosperity-FRM-08-13-12 (13480863184694)_.pdf			KSTP-TV	436982-collect-files-28010-political-file-2012-non	https://s3.amazonaws.com/s3.documentcloud.org/documents/436982/pages/collect-files-28010-political-file-2012-non-p1-thumbnail.gif		15	2012-09-19 00:00:00 UTC
14805	Non-Candidate Issue Ads		/collect/files/28010/Political File/2012/Non-Candidate Issue Ads/American Future Fund/K5-AMERICAN FUTURE FUND-FRM-09-13-12 (13480860122050)_.pdf			KSTP-TV	436984-collect-files-28010-political-file-2012-non	https://s3.amazonaws.com/s3.documentcloud.org/documents/436984/pages/collect-files-28010-political-file-2012-non-p1-thumbnail.gif		15	2012-09-19 00:00:00 UTC
31995	Federal	332908	/collect/files/73910/Political File/2012/Federal/US Senate/BOB CASEY JR/101612 Casey contract 3 (13504005176149)_.pdf	POL/R CASEY/D/US SENATE	SHORR AND ASSOCIATES	WPXI	470302-101612-casey-contract-3-13504005176149-_-pdf	https://s3.amazonaws.com/s3.documentcloud.org/documents/470302/pages/101612-casey-contract-3-13504005176149-_-pdf-p1-thumbnail.gif	32900	23	2012-10-16 00:00:00 UTC
4236	Non-Candidate Issue Ads		/collect/files/53921/Political File/2012/Non-Candidate Issue Ads/AMERICANS FOR PROSPERITY/AMERICANS FOR PROSPERITY 082112 (13455660045081)_.pdf			WXII-TV	418431-collect-files-53921-political-file-2012-non	https://s3.amazonaws.com/s3.documentcloud.org/documents/418431/pages/collect-files-53921-political-file-2012-non-p1-thumbnail.gif		46	2012-08-21 00:00:00 UTC
14975	Non-Candidate Issue Ads		/collect/files/68883/Political File/2012/Non-Candidate Issue Ads/SEIU-HOUSE MAJORITY PAC/SEIUHouse Majority Pac-Inquiry Form (13481631032003)_.pdf			KMSP-TV	438712-collect-files-68883-political-file-2012-non	https://s3.amazonaws.com/s3.documentcloud.org/documents/438712/pages/collect-files-68883-political-file-2012-non-p1-thumbnail.gif		15	2012-09-20 00:00:00 UTC
12507	Federal		/collect/files/59440/Political File/2012/Federal/US Senate/WILFORD R CARDON/Cardon_0709-0716REV (13440391878575)_.pdf			KNXV-TV	432468-collect-files-59440-political-file-2012-federal	https://s3.amazonaws.com/s3.documentcloud.org/documents/432468/pages/collect-files-59440-political-file-2012-federal-p1-thumbnail.gif		13	2012-08-03 00:00:00 UTC
6803	Federal		/collect/files/35587/Political File/2012/Federal/US House/AZ-09/Kyrsten Sinema/Sinema 8-13-12-8-19-12 Rev 2 (13463391591990)_.pdf			KSAZ-TV	421337-collect-files-35587-political-file-2012-federal	https://s3.amazonaws.com/s3.documentcloud.org/documents/421337/pages/collect-files-35587-political-file-2012-federal-p1-thumbnail.gif		13	2012-08-30 00:00:00 UTC
15154	Federal	1141-53617-1	/collect/files/9629/Political File/2012/Federal/US House/MN-06/JAMES JOSEPH GRAVES/WCCO JIM GRAVES DFL HOUSEMNCD6 ORD53617 FED CONTRACT (13482354048811)_.pdf	GRAVES FOR CONGRESS	MEDIA STRATEGIES & RESEARCH	WCCO-TV	438891-collect-files-9629-political-file-2012-federal	https://s3.amazonaws.com/s3.documentcloud.org/documents/438891/pages/collect-files-9629-political-file-2012-federal-p1-thumbnail.gif	63240	15	2012-09-21 00:00:00 UTC
14806	Non-Candidate Issue Ads		/collect/files/28010/Political File/2012/Non-Candidate Issue Ads/American Action Network/K5-AMERICAN ACTION NETWORK-FRM-09-19-12 (13480884884246)_.pdf			KSTP-TV	436985-collect-files-28010-political-file-2012-non	https://s3.amazonaws.com/s3.documentcloud.org/documents/436985/pages/collect-files-28010-political-file-2012-non-p1-thumbnail.gif		15	2012-09-19 00:00:00 UTC
54472	State		/collect/files/50782/Political File/2012/State/North Carolina/Governor/PAT MCCRORY/MCCRORY110212-110612 (13523001132854)_.pdf			WNCN	509501-mccrory110212-110612-13523001132854-_-pdf	https://s3.amazonaws.com/s3.documentcloud.org/documents/509501/pages/mccrory110212-110612-13523001132854-_-pdf-p1-thumbnail.gif		24	2012-11-07 00:00:00 UTC
54473	Federal	402264	/collect/files/1328/Political File/2012/Federal/US House/NY-18/SEAN PATRICK MALONEY/SEAN P MALONEY-402264-REV5 (13523172123788)_.pdf	SEAN PATRICK MALONEY FOR CONGRESS	LUC MEDIA	WABC-TV	509502-sean-p-maloney-402264-rev5-13523172123788-_-pdf	https://s3.amazonaws.com/s3.documentcloud.org/documents/509502/pages/sean-p-maloney-402264-rev5-13523172123788-_-pdf-p1-thumbnail.gif	77800	1	2012-11-07 00:00:00 UTC
54476	Non-Candidate Issue Ads		/collect/files/1328/Political File/2012/Non-Candidate Issue Ads/PATRIOT PROSPERITY PAC/PATRIOT PROSPERITY PAC-402986-REV2 (13523172102231)_.pdf			WABC-TV	509505-patriot-prosperity-pac-402986-rev2	https://s3.amazonaws.com/s3.documentcloud.org/documents/509505/pages/patriot-prosperity-pac-402986-rev2-p1-thumbnail.gif		1	2012-11-07 00:00:00 UTC
14862	Non-Candidate Issue Ads	702119	/collect/files/23079/Political File/2012/Non-Candidate Issue Ads/House Majority Pac/House Maj Pac702119 (13481685032594)_.pdf	HOUSE MAJORITY PAC	WATERFRONT STRATEGIES/ POL	KARE	438598-collect-files-23079-political-file-2012-non	https://s3.amazonaws.com/s3.documentcloud.org/documents/438598/pages/collect-files-23079-political-file-2012-non-p1-thumbnail.gif	79075	15	
14808	Non-Candidate Issue Ads		/collect/files/28010/Political File/2012/Non-Candidate Issue Ads/DCCC/K5-DCCC-FRM-08-30-12 (13480866207595)_.pdf			KSTP-TV	436987-collect-files-28010-political-file-2012-non	https://s3.amazonaws.com/s3.documentcloud.org/documents/436987/pages/collect-files-28010-political-file-2012-non-p1-thumbnail.gif		15	2012-09-19 00:00:00 UTC
14807	Non-Candidate Issue Ads	163712	/collect/files/28010/Political File/2012/Non-Candidate Issue Ads/American Action Network/K5-American Action Network-ORD-163712 (13480890282898)_.pdf	AMERICAN ACTION NETWORK	AMERICAN MEDIA & ADVOCACY GROUP	KSTP-TV	436986-collect-files-28010-political-file-2012-non	https://s3.amazonaws.com/s3.documentcloud.org/documents/436986/pages/collect-files-28010-political-file-2012-non-p1-thumbnail.gif	26700	15	2012-09-19 00:00:00 UTC
20512	Federal		/collect/files/35042/Political File/2012/Federal/US House/NV-03/JOHN OCEGUERA/OCEQ 1030-1106-35842 NAB (13493061064474)_.pdf			KLAS-TV	455479-oceq-1030-1106-35842-nab-13493061064474-_-pdf	https://s3.amazonaws.com/s3.documentcloud.org/documents/455479/pages/oceq-1030-1106-35842-nab-13493061064474-_-pdf-p1-thumbnail.gif		40	2012-10-03 00:00:00 UTC
22401	Federal	35841	/collect/files/35042/Political File/2012/Federal/US House/NV-03/JOHN OCEGUERA/OCEQ 1009-1015-35841 ORD (13494793138174)_.pdf	OCEGUERA FOR CONGRESS	GMMB	KLAS-TV	457385-oceq-1009-1015-35841-ord-13494793138174-_-pdf	https://s3.amazonaws.com/s3.documentcloud.org/documents/457385/pages/oceq-1009-1015-35841-ord-13494793138174-_-pdf-p1-thumbnail.gif	16560	40	2012-10-05 00:00:00 UTC
18785	Federal	63226	/collect/files/11289/Political File/2012/Federal/US Senate/JOSH MANDEL /order 63226/mandel order 63226 version 2 (13492995051733)_.pdf	CITIZENS FOR JOSH MANDEL	STRATEGIC MEDIA PLACEMENT	WKRC-TV	452859-mandel-order-63226-version-2-13492995051733-_-pdf	https://s3.amazonaws.com/s3.documentcloud.org/documents/452859/pages/mandel-order-63226-version-2-13492995051733-_-pdf-p1-thumbnail.gif	47365	35	2012-10-03 00:00:00 UTC
20367	Non-Candidate Issue Ads	9776178	/collect/files/11289/Political File/2012/Non-Candidate Issue Ads/American Crossroads /order 45131/american crossroads version 2-3 order 45131 (13493838294514)_.pdf	AMERICAN CROSSROADS	CROSSROADS MEDIA LLC	WKRC-TV	455334-american-crossroads-version-2-3-order-45131	https://s3.amazonaws.com/s3.documentcloud.org/documents/455334/pages/american-crossroads-version-2-3-order-45131-p1-thumbnail.gif	7500	35	2012-10-04 00:00:00 UTC
31972	Federal		/collect/files/25454/Political File/2012/Federal/US Senate/TOM SMITH/KDKA TOM SMITH R SENATE PA ORD56819 FED INVOICE (13504059221129)_.pdf			KDKA-TV	470278-kdka-tom-smith-r-senate-pa-ord56819-fed-invoice	https://s3.amazonaws.com/s3.documentcloud.org/documents/470278/pages/kdka-tom-smith-r-senate-pa-ord56819-fed-invoice-p1-thumbnail.gif		23	2012-10-16 00:00:00 UTC
30838	State	721460	/collect/files/72064/Political File/2012/State/North Carolina/NC Court of Appeals/Bryant/Judges Oct 15-25721460 (13500762137599)_.pdf	EARLY VOTE-JUDGES CAMPAIGN 2012	MEDIA PARTNERS INC/ POL	WFMY-TV	468321-judges-oct-15-25721460-13500762137599-_-pdf	https://s3.amazonaws.com/s3.documentcloud.org/documents/468321/pages/judges-oct-15-25721460-13500762137599-_-pdf-p1-thumbnail.gif	3490	46	2012-10-12 00:00:00 UTC
26905	Federal		/collect/files/21656/Political File/2012/Federal/US Senate/CANTWELL/CANTWELL192083 2 (13498260090358)_.pdf			KOMO-TV	464236-cantwell192083-2-13498260090358-_-pdf	https://s3.amazonaws.com/s3.documentcloud.org/documents/464236/pages/cantwell192083-2-13498260090358-_-pdf-p1-thumbnail.gif		12	2012-10-09 00:00:00 UTC
16211	Federal	333970	/collect/files/47904/Political File/2012/Federal/US Senate/MD-03/GEORGE ALLEN /George Allen for SenateNRSC/Allen Senate C02C08_333970--1 (13487538048802)_.pdf	GEORGE ALLEN FOR US SENATE	SMART MEDIA GROUP	WRC-TV	442496-collect-files-47904-political-file-2012-federal	https://s3.amazonaws.com/s3.documentcloud.org/documents/442496/pages/collect-files-47904-political-file-2012-federal-p1-thumbnail.gif	80800	8	2012-09-27 00:00:00 UTC
55273	Federal	338617	/collect/files/47904/Political File/2012/Federal/US Senate/MD-03/GEORGE ALLEN /George Allen for SenateNRSC/Allen NRSC C02C08 Final_338617--1 (13524180183685)_.pdf	GEORGE ALLEN FOR US SENATE	SMART MEDIA GROUP	WRC-TV	511331-allen-nrsc-c02c08-final_338617-1-13524180183685	https://s3.amazonaws.com/s3.documentcloud.org/documents/511331/pages/allen-nrsc-c02c08-final_338617-1-13524180183685-p1-thumbnail.gif	139900	8	2012-11-08 00:00:00 UTC
55269	Federal	327366	/collect/files/47904/Political File/2012/Federal/US Senate/Kaine for Senate 2012/kaine for senate/Kaine 11507 Final_327366--1 (13524180809750)_.pdf	KAINE FOR SENATE 2012	MEDIA STRATEGIES & RESEARCH VA	WRC-TV	511327-kaine-11507-final_327366-1-13524180809750-_-pdf	https://s3.amazonaws.com/s3.documentcloud.org/documents/511327/pages/kaine-11507-final_327366-1-13524180809750-_-pdf-p1-thumbnail.gif	132090	8	2012-11-08 00:00:00 UTC
54873	Federal		/collect/files/47904/Political File/2012/Federal/US Senate/Kaine for Senate 2012/kaine for senate/Kaine for Senate Est 11103 October 2012 Invoice (13523898171101)_.pdf			WRC-TV	510824-kaine-for-senate-est-11103-october-2012-invoice	https://s3.amazonaws.com/s3.documentcloud.org/documents/510824/pages/kaine-for-senate-est-11103-october-2012-invoice-p1-thumbnail.gif		8	2012-11-08 00:00:00 UTC
55270	Federal	327648	/collect/files/47904/Political File/2012/Federal/US Senate/Kaine for Senate 2012/kaine for senate/Kaine 11519 Final_327648--1 (13524180842039)_.pdf	KAINE FOR SENATE 2012	MEDIA STRATEGIES & RESEARCH VA	WRC-TV	511328-kaine-11519-final_327648-1-13524180842039-_-pdf	https://s3.amazonaws.com/s3.documentcloud.org/documents/511328/pages/kaine-11519-final_327648-1-13524180842039-_-pdf-p1-thumbnail.gif	136740	8	2012-11-08 00:00:00 UTC
55274	Federal	340444	/collect/files/47904/Political File/2012/Federal/US Senate/MD-03/GEORGE ALLEN /George Allen for SenateNRSC/Allen NRSC C09C12 Final_340444--1 (13524180194521)_.pdf	GEORGE ALLEN FOR US SENATE	SMART MEDIA GROUP	WRC-TV	511332-allen-nrsc-c09c12-final_340444-1-13524180194521	https://s3.amazonaws.com/s3.documentcloud.org/documents/511332/pages/allen-nrsc-c09c12-final_340444-1-13524180194521-p1-thumbnail.gif	96400	8	2012-11-08 00:00:00 UTC
39358	Federal	37424	/collect/files/35042/Political File/2012/Federal/US Senate/SHELLEY BERKLEY/BERK 1030-1105-37424 ORD (13509480041433)_.pdf	"BERKLEY, SHELLEY D-USS"	SHORR JOHNSON MAGNUS	KLAS-TV	480063-berk-1030-1105-37424-ord-13509480041433-_-pdf	https://s3.amazonaws.com/s3.documentcloud.org/documents/480063/pages/berk-1030-1105-37424-ord-13509480041433-_-pdf-p1-thumbnail.gif	73485	40	2012-10-22 00:00:00 UTC
54475	Federal	398903	/collect/files/1328/Political File/2012/Federal/US Senate/Linda McMahon/LINDA MCMAHON-398903-REV9 (13523172134793)_.pdf	LINDA MCMAHON	MENTZER MEDIA SERVICES INC	WABC-TV	509504-linda-mcmahon-398903-rev9-13523172134793-_-pdf	https://s3.amazonaws.com/s3.documentcloud.org/documents/509504/pages/linda-mcmahon-398903-rev9-13523172134793-_-pdf-p1-thumbnail.gif	0	1	2012-11-07 00:00:00 UTC
55272	Federal	337307	/collect/files/47904/Political File/2012/Federal/US Senate/MD-03/GEORGE ALLEN /George Allen for SenateNRSC/Allen NRSC 925C01 Final_337307--1 (13524180205067)_.pdf	GEORGE ALLEN FOR US SENATE	SMART MEDIA GROUP	WRC-TV	511330-allen-nrsc-925c01-final_337307-1-13524180205067	https://s3.amazonaws.com/s3.documentcloud.org/documents/511330/pages/allen-nrsc-925c01-final_337307-1-13524180205067-p1-thumbnail.gif	86620	8	2012-11-08 00:00:00 UTC
55276	Federal	333970	/collect/files/47904/Political File/2012/Federal/US Senate/MD-03/GEORGE ALLEN /Allen C02C08 Final_333970--1 (13524180724089)_.pdf	GEORGE ALLEN FOR US SENATE	SMART MEDIA GROUP	WRC-TV	511334-allen-c02c08-final_333970-1-13524180724089-_-pdf	https://s3.amazonaws.com/s3.documentcloud.org/documents/511334/pages/allen-c02c08-final_333970-1-13524180724089-_-pdf-p1-thumbnail.gif	0	8	2012-11-08 00:00:00 UTC
39361	Non-Candidate Issue Ads	37580	/collect/files/35042/Political File/2012/Non-Candidate Issue Ads/Crossroads GPS/CROS 1023-1029-37580 ORD (13509435064776)_.pdf	CROSSROADS GPS	CROSS ROADS MEDIA	KLAS-TV	480066-cros-1023-1029-37580-ord-13509435064776-_-pdf	https://s3.amazonaws.com/s3.documentcloud.org/documents/480066/pages/cros-1023-1029-37580-ord-13509435064776-_-pdf-p1-thumbnail.gif	269900	40	2012-10-22 00:00:00 UTC
55275	Federal	333974	/collect/files/47904/Political File/2012/Federal/US Senate/MD-03/GEORGE ALLEN /Allen 925C01 Final_333974--1 (13524180713220)_.pdf	GEORGE ALLEN FOR US SENATE	SMART MEDIA GROUP	WRC-TV	511333-allen-925c01-final_333974-1-13524180713220-_-pdf	https://s3.amazonaws.com/s3.documentcloud.org/documents/511333/pages/allen-925c01-final_333974-1-13524180713220-_-pdf-p1-thumbnail.gif	0	8	2012-11-08 00:00:00 UTC
21170	Federal	311598	/collect/files/59438/Political File/2012/Federal/President/BARACK OBAMA/Obama_DEM_Pres_1016_102212_311598 (13480824489068)_.pdf	OBAMA FOR AMERICA	GMMB INC	WCPO-TV	456137-obama_dem_pres_1016_102212_311598-13480824489068	https://s3.amazonaws.com/s3.documentcloud.org/documents/456137/pages/obama_dem_pres_1016_102212_311598-13480824489068-p1-thumbnail.gif	43740	35	
31858	Federal	1392823	/collect/files/56549/Political File/2012/Federal/US Senate/Nat Republican Sen Comm - Josh Mandel/National Rep. Sen. Comm. - Josh Mandel 1392823 (13503300105378)_.pdf	NATIONAL REPUBLICAN SENATORIAL COMMITTEE	STRATEGIC MEDIA RESOURCE	WSYX	469671-national-rep-sen-comm-josh-mandel-1392823	https://s3.amazonaws.com/s3.documentcloud.org/documents/469671/pages/national-rep-sen-comm-josh-mandel-1392823-p1-thumbnail.gif	48950	32	2012-10-15 00:00:00 UTC
3945	Non-Candidate Issue Ads	1310220	/collect/files/56537/Political File/2012/Non-Candidate Issue Ads/Republican Governors Association of NC 5.31.12-8.16.12 (13457313069018)_.pdf	REPUBLICAN GOVERNORS ASSOCIATION OF NC	TARGET ENTERPRISES	WLOS	418140-collect-files-56537-political-file-2012-non	https://s3.amazonaws.com/s3.documentcloud.org/documents/418140/pages/collect-files-56537-political-file-2012-non-p1-thumbnail.gif	328480	37	
39369	Federal		/collect/files/41232/Political File/2012/Federal/US House/TN-04/RICHARD ERIC STEWART/Eric Stewart for Congress 3 (13509441106372)_.pdf			WSMV-TV	480074-eric-stewart-for-congress-3-13509441106372-_-pdf	https://s3.amazonaws.com/s3.documentcloud.org/documents/480074/pages/eric-stewart-for-congress-3-13509441106372-_-pdf-p1-thumbnail.gif		29	2012-10-22 00:00:00 UTC
39370	State		/collect/files/41232/Political File/2012/State/Tennessee/Senate/Mark Green/Mark Green For State Senate 1 (13509345166239)_.pdf			WSMV-TV	480075-mark-green-for-state-senate-1-13509345166239-_-pdf	https://s3.amazonaws.com/s3.documentcloud.org/documents/480075/pages/mark-green-for-state-senate-1-13509345166239-_-pdf-p1-thumbnail.gif		29	2012-10-22 00:00:00 UTC
39371	State		/collect/files/41232/Political File/2012/State/Tennessee/Senate/Mark Green/Mark Green For State Senate 1a (13509417116502)_.pdf			WSMV-TV	480076-mark-green-for-state-senate-1a-13509417116502-_	https://s3.amazonaws.com/s3.documentcloud.org/documents/480076/pages/mark-green-for-state-senate-1a-13509417116502-_-p1-thumbnail.gif		29	2012-10-22 00:00:00 UTC
25411	Federal	1390875	/collect/files/56549/Political File/2012/Federal/President/MITT ROMNEY/Romney for President 1390875 (13498956308254)_.pdf	ROMNEY FOR PRESIDENT	AMERICAN RAMBLER PRODUCTION	WSYX	462566-romney-for-president-1390875-13498956308254-_-pdf	https://s3.amazonaws.com/s3.documentcloud.org/documents/462566/pages/romney-for-president-1390875-13498956308254-_-pdf-p1-thumbnail.gif	217300	32	2012-10-10 00:00:00 UTC
39372	State		/collect/files/41232/Political File/2012/State/Tennessee/Senate/Phillip North/Phillip North For State Senate 1 (13509222120234)_.pdf			WSMV-TV	480077-phillip-north-for-state-senate-1-13509222120234	https://s3.amazonaws.com/s3.documentcloud.org/documents/480077/pages/phillip-north-for-state-senate-1-13509222120234-p1-thumbnail.gif		29	2012-10-22 00:00:00 UTC
39373	State		/collect/files/41232/Political File/2012/State/Tennessee/Senate/Steve Dickerson/Steve Dickerson For State Senate 1 (13509225364127)_.pdf			WSMV-TV	480078-steve-dickerson-for-state-senate-1	https://s3.amazonaws.com/s3.documentcloud.org/documents/480078/pages/steve-dickerson-for-state-senate-1-p1-thumbnail.gif		29	2012-10-22 00:00:00 UTC
39374	Federal		/collect/files/25455/Political File/2012/Federal/US Senate/MD-03/ROB SOBHANI/WJZ ROB SOBHANI I SENATEMD ORD71724 FED ORDER (13509327164541)_.pdf			WJZ-TV	480079-wjz-rob-sobhani-i-senatemd-ord71724-fed-order	https://s3.amazonaws.com/s3.documentcloud.org/documents/480079/pages/wjz-rob-sobhani-i-senatemd-ord71724-fed-order-p1-thumbnail.gif		27	2012-10-22 00:00:00 UTC
39375	Federal		/collect/files/25455/Political File/2012/Federal/US Senate/MD-03/ROB SOBHANI/WJZ ROB SOBHANI I SENATEMD ORD71741 FED ORDER (13509327144236)_.pdf			WJZ-TV	480080-wjz-rob-sobhani-i-senatemd-ord71741-fed-order	https://s3.amazonaws.com/s3.documentcloud.org/documents/480080/pages/wjz-rob-sobhani-i-senatemd-ord71741-fed-order-p1-thumbnail.gif		27	2012-10-22 00:00:00 UTC
55278	Federal	340547	/collect/files/47904/Political File/2012/Federal/US Senate/MD-03/GEORGE ALLEN /Allen C09C15 Final_340547--1 (13524180734725)_.pdf	GEORGE ALLEN FOR US SENATE	SMART MEDIA GROUP	WRC-TV	511336-allen-c09c15-final_340547-1-13524180734725-_-pdf	https://s3.amazonaws.com/s3.documentcloud.org/documents/511336/pages/allen-c09c15-final_340547-1-13524180734725-_-pdf-p1-thumbnail.gif	19200	8	2012-11-08 00:00:00 UTC
55277	Federal	322398	/collect/files/47904/Political File/2012/Federal/US Senate/MD-03/GEORGE ALLEN /Allen C09C15 Final_322398--1 (13524180745299)_.pdf	GEORGE ALLEN FOR US SENATE	SMART MEDIA GROUP	WRC-TV	511335-allen-c09c15-final_322398-1-13524180745299-_-pdf	https://s3.amazonaws.com/s3.documentcloud.org/documents/511335/pages/allen-c09c15-final_322398-1-13524180745299-_-pdf-p1-thumbnail.gif	0	8	2012-11-08 00:00:00 UTC
55281	Federal	341003	/collect/files/47904/Political File/2012/Federal/US Senate/Sobhani for Senate/Sobhani1 Final_341003--1 (13524180777525)_.pdf	SOBHANI FOR SENATE	SRH MEDIA	WRC-TV	511339-sobhani1-final_341003-1-13524180777525-_-pdf	https://s3.amazonaws.com/s3.documentcloud.org/documents/511339/pages/sobhani1-final_341003-1-13524180777525-_-pdf-p1-thumbnail.gif	157920	8	2012-11-08 00:00:00 UTC
55279	Federal	322380	/collect/files/47904/Political File/2012/Federal/US Senate/MD-03/GEORGE ALLEN /Allen C16C22 Final_322380--1 (13524180702547)_.pdf	GEORGE ALLEN FOR US SENATE	SMART MEDIA GROUP	WRC-TV	511337-allen-c16c22-final_322380-1-13524180702547-_-pdf	https://s3.amazonaws.com/s3.documentcloud.org/documents/511337/pages/allen-c16c22-final_322380-1-13524180702547-_-pdf-p1-thumbnail.gif	105370	8	2012-11-08 00:00:00 UTC
55282	Federal	337700	/collect/files/47904/Political File/2012/Federal/US Senate/Sobhani for Senate/Sobhani2 Final_337700--1 (13524180799150)_.pdf	SOBHANI FOR SENATE	SRH MEDIA	WRC-TV	511340-sobhani2-final_337700-1-13524180799150-_-pdf	https://s3.amazonaws.com/s3.documentcloud.org/documents/511340/pages/sobhani2-final_337700-1-13524180799150-_-pdf-p1-thumbnail.gif	35500	8	2012-11-08 00:00:00 UTC
55280	Federal	322393	/collect/files/47904/Political File/2012/Federal/US Senate/MD-03/GEORGE ALLEN /Allen C23C29 Final_322393--1 (13524180691981)_.pdf	GEORGE ALLEN FOR US SENATE	SMART MEDIA GROUP	WRC-TV	511338-allen-c23c29-final_322393-1-13524180691981-_-pdf	https://s3.amazonaws.com/s3.documentcloud.org/documents/511338/pages/allen-c23c29-final_322393-1-13524180691981-_-pdf-p1-thumbnail.gif	59210	8	2012-11-08 00:00:00 UTC
3941	Non-Candidate Issue Ads	1356317	/collect/files/56537/Political File/2012/Non-Candidate Issue Ads/Republican Governors Association of NC 10.15.12-10.21.12 (13457313111013)_.pdf	REPUBLICAN GOVERNORS ASSOCIATION OF NC	TARGET ENTERPRISES	WLOS	418136-collect-files-56537-political-file-2012-non	https://s3.amazonaws.com/s3.documentcloud.org/documents/418136/pages/collect-files-56537-political-file-2012-non-p1-thumbnail.gif	63350	37	
32065	Non-Candidate Issue Ads		/collect/files/68883/Political File/2012/Non-Candidate Issue Ads/Our Vote Our Future/Our Vote Our Future-NAB Form 10-16 (13504174704021)_.pdf			KMSP-TV	470372-our-vote-our-future-nab-form-10-16	https://s3.amazonaws.com/s3.documentcloud.org/documents/470372/pages/our-vote-our-future-nab-form-10-16-p1-thumbnail.gif		15	2012-10-16 00:00:00 UTC
55285	Non-Candidate Issue Ads	322538	/collect/files/47904/Political File/2012/Non-Candidate Issue Ads/AMERICAN CROSSROADS/AC Est 693 Final_322538--1 (13524177904395)_.pdf	AMERICAN CROSSROADS	CROSSROADS MEDIA LLC	WRC-TV	511343-ac-est-693-final_322538-1-13524177904395-_-pdf	https://s3.amazonaws.com/s3.documentcloud.org/documents/511343/pages/ac-est-693-final_322538-1-13524177904395-_-pdf-p1-thumbnail.gif	225700	8	2012-11-08 00:00:00 UTC
3947	Non-Candidate Issue Ads	1356015	/collect/files/56537/Political File/2012/Non-Candidate Issue Ads/Republican Governors Association of NC 9.24.12-9.30.12 (13457313090207)_.pdf	REPUBLICAN GOVERNORS ASSOCIATION OF NC	TARGET ENTERPRISES	WLOS	418142-collect-files-56537-political-file-2012-non	https://s3.amazonaws.com/s3.documentcloud.org/documents/418142/pages/collect-files-56537-political-file-2012-non-p1-thumbnail.gif	63350	37	
3955	State	1355139	/collect/files/56537/Political File/2012/State/North Carolina/Coleman Linda/Linda Coleman for Lieutenant Governor NC 10.25.12-10.29.12 (13451508072439)_.pdf	LINDA COLEMAN FOR LIEUTENANT GOVERNOR NORTH CARO	BUYING TIME MEDIA	WLOS	418150-collect-files-56537-political-file-2012-state	https://s3.amazonaws.com/s3.documentcloud.org/documents/418150/pages/collect-files-56537-political-file-2012-state-p1-thumbnail.gif	30900	37	
719	Non-Candidate Issue Ads	707583	/collect/files/23079/Political File/2012/Non-Candidate Issue Ads/Democratic Congressional Campaign/ISS_DCCC 707583 (13452294033708)_.pdf	DEMOCRATIC CONGRESSIONAL CAMPAIGN COMMITTEE	GREAT AMERICAN MEDIA/POL	KARE	414763-collect-files-23079-political-file-2012-non	https://s3.amazonaws.com/s3.documentcloud.org/documents/414763/pages/collect-files-23079-political-file-2012-non-p1-thumbnail.gif	12850	15	
3964	State	1357070	/collect/files/56537/Political File/2012/State/North Carolina/Dalton/Dalton for Governor 9.18.12-9.24.12 (13457316075652)_.pdf	DALTON FOR GOVERNOR	BUYING TIME MEDIA	WLOS	418159-collect-files-56537-political-file-2012-state	https://s3.amazonaws.com/s3.documentcloud.org/documents/418159/pages/collect-files-56537-political-file-2012-state-p1-thumbnail.gif	40500	37	
26942	State		/collect/files/21656/Political File/2012/State/Washington/GOVENOR/McKenna/MCKENNA194228 (13455042168828)_.pdf			KOMO-TV	464273-mckenna194228-13455042168828-_-pdf	https://s3.amazonaws.com/s3.documentcloud.org/documents/464273/pages/mckenna194228-13455042168828-_-pdf-p1-thumbnail.gif		12	2012-08-20 00:00:00 UTC